,External Cost [$/kWh]
0,63.0
1,73.0
2,69.0
3,66.0
4,63.0
5,63.0
6,64.0
7,64.0
8,69.0
9,73.0
10,78.0
11,79.0
12,76.0
13,75.0
14,74.0
15,79.0
16,89.0
17,86.0
18,82.0
19,72.0
20,63.0
21,61.0
22,49.0
23,43.0
24,37.0
25,33.0
26,23.0
27,24.0
28,24.0
29,37.0
30,54.0
31,64.0
32,70.0
33,69.0
34,73.0
35,75.0
36,74.0
37,72.0
38,72.0
39,81.0
40,93.0
41,90.0
42,80.0
43,69.0
44,58.0
45,56.0
46,49.0
47,34.0
48,28.0
49,26.0
50,27.0
51,30.0
52,32.0
53,36.0
54,43.0
55,44.0
56,47.0
57,50.0
58,52.0
59,52.0
60,52.0
61,55.0
62,57.0
63,60.0
64,68.0
65,69.0
66,65.0
67,59.0
68,55.0
69,49.0
70,42.0
71,42.0
72,39.0
73,37.0
74,33.0
75,30.0
76,29.0
77,27.0
78,31.0
79,35.0
80,39.0
81,42.0
82,46.0
83,45.0
84,41.0
85,41.0
86,42.0
87,43.0
88,51.0
89,57.0
90,57.0
91,50.0
92,48.0
93,50.0
94,42.0
95,47.0
96,46.0
97,45.0
98,44.0
99,45.0
100,49.0
101,60.0
102,66.0
103,70.0
104,73.0
105,73.0
106,75.0
107,76.0
108,76.0
109,76.0
110,77.0
111,76.0
112,86.0
113,88.0
114,80.0
115,72.0
116,67.0
117,64.0
118,60.0
119,59.0
120,57.0
121,56.0
122,55.0
123,56.0
124,57.0
125,63.0
126,70.0
127,74.0
128,73.0
129,71.0
130,70.0
131,68.0
132,67.0
133,67.0
134,69.0
135,72.0
136,80.0
137,80.0
138,74.0
139,66.0
140,63.0
141,61.0
142,57.0
143,56.0
144,55.0
145,54.0
146,54.0
147,55.0
148,55.0
149,60.0
150,70.0
151,77.0
152,78.0
153,77.0
154,77.0
155,76.0
156,75.0
157,74.0
158,73.0
159,75.0
160,81.0
161,79.0
162,71.0
163,64.0
164,59.0
165,53.0
166,50.0
167,49.0
168,47.0
169,42.0
170,42.0
171,43.0
172,43.0
173,49.0
174,56.0
175,61.0
176,61.0
177,61.0
178,63.0
179,62.0
180,62.0
181,62.0
182,62.0
183,64.0
184,67.0
185,65.0
186,62.0
187,54.0
188,51.0
189,47.0
190,41.0
191,39.0
192,38.0
193,34.0
194,32.0
195,31.0
196,36.0
197,45.0
198,52.0
199,53.0
200,53.0
201,52.0
202,52.0
203,51.0
204,50.0
205,49.0
206,49.0
207,49.0
208,54.0
209,54.0
210,51.0
211,48.0
212,46.0
213,45.0
214,39.0
215,42.0
216,37.0
217,33.0
218,33.0
219,29.0
220,27.0
221,27.0
222,33.0
223,38.0
224,40.0
225,42.0
226,42.0
227,42.0
228,37.0
229,36.0
230,35.0
231,38.0
232,45.0
233,45.0
234,43.0
235,39.0
236,37.0
237,37.0
238,30.0
239,21.0
240,16.0
241,12.0
242,12.0
243,8.0
244,7.0
245,5.0
246,22.0
247,21.0
248,32.0
249,35.0
250,38.0
251,36.0
252,31.0
253,30.0
254,29.0
255,32.0
256,42.0
257,43.0
258,42.0
259,38.0
260,36.0
261,34.0
262,29.0
263,20.0
264,12.0
265,12.0
266,12.0
267,12.0
268,30.0
269,46.0
270,53.0
271,59.0
272,58.0
273,58.0
274,59.0
275,58.0
276,58.0
277,58.0
278,59.0
279,59.0
280,63.0
281,62.0
282,62.0
283,57.0
284,52.0
285,47.0
286,39.0
287,44.0
288,41.0
289,40.0
290,40.0
291,40.0
292,43.0
293,53.0
294,66.0
295,64.0
296,61.0
297,57.0
298,57.0
299,57.0
300,58.0
301,58.0
302,60.0
303,63.0
304,70.0
305,70.0
306,66.0
307,62.0
308,58.0
309,57.0
310,53.0
311,48.0
312,46.0
313,44.0
314,43.0
315,43.0
316,46.0
317,55.0
318,65.0
319,67.0
320,62.0
321,60.0
322,60.0
323,60.0
324,59.0
325,60.0
326,63.0
327,66.0
328,74.0
329,73.0
330,68.0
331,62.0
332,59.0
333,58.0
334,51.0
335,50.0
336,49.0
337,46.0
338,45.0
339,44.0
340,45.0
341,55.0
342,61.0
343,61.0
344,59.0
345,57.0
346,57.0
347,56.0
348,55.0
349,55.0
350,56.0
351,56.0
352,61.0
353,60.0
354,58.0
355,54.0
356,52.0
357,49.0
358,41.0
359,41.0
360,40.0
361,40.0
362,41.0
363,41.0
364,44.0
365,54.0
366,65.0
367,68.0
368,69.0
369,69.0
370,69.0
371,69.0
372,70.0
373,71.0
374,72.0
375,75.0
376,81.0
377,81.0
378,78.0
379,74.0
380,68.0
381,65.0
382,61.0
383,57.0
384,55.0
385,55.0
386,53.0
387,53.0
388,52.0
389,53.0
390,57.0
391,62.0
392,66.0
393,67.0
394,67.0
395,63.0
396,61.0
397,61.0
398,62.0
399,64.0
400,70.0
401,72.0
402,67.0
403,60.0
404,57.0
405,57.0
406,50.0
407,50.0
408,47.0
409,46.0
410,47.0
411,47.0
412,46.0
413,45.0
414,46.0
415,48.0
416,53.0
417,56.0
418,58.0
419,59.0
420,59.0
421,56.0
422,59.0
423,55.0
424,63.0
425,66.0
426,64.0
427,65.0
428,62.0
429,62.0
430,60.0
431,53.0
432,51.0
433,52.0
434,52.0
435,52.0
436,54.0
437,62.0
438,76.0
439,79.0
440,80.0
441,78.0
442,78.0
443,78.0
444,78.0
445,77.0
446,77.0
447,79.0
448,83.0
449,84.0
450,79.0
451,75.0
452,69.0
453,66.0
454,60.0
455,60.0
456,59.0
457,58.0
458,59.0
459,57.0
460,59.0
461,72.0
462,81.0
463,84.0
464,84.0
465,83.0
466,82.0
467,80.0
468,79.0
469,78.0
470,78.0
471,79.0
472,84.0
473,88.0
474,83.0
475,76.0
476,71.0
477,67.0
478,61.0
479,59.906188999885174
480,59.906188999885174
481,59.906188999885174
482,59.906188999885174
483,59.906188999885174
484,59.906188999885174
485,59.906188999885174
486,59.906188999885174
487,59.906188999885174
488,59.906188999885174
489,59.906188999885174
490,59.906188999885174
491,59.906188999885174
492,59.906188999885174
493,59.906188999885174
494,59.906188999885174
495,59.906188999885174
496,59.906188999885174
497,59.906188999885174
498,59.906188999885174
499,59.906188999885174
500,59.906188999885174
501,59.906188999885174
502,59.906188999885174
503,59.0
504,58.0
505,57.0
506,57.0
507,58.0
508,61.0
509,67.0
510,78.0
511,82.0
512,83.0
513,83.0
514,83.0
515,81.0
516,80.0
517,79.0
518,79.0
519,79.0
520,84.0
521,87.0
522,80.0
523,74.0
524,68.0
525,67.0
526,61.0
527,59.906188999885174
528,59.906188999885174
529,59.906188999885174
530,59.906188999885174
531,59.906188999885174
532,59.906188999885174
533,59.906188999885174
534,59.906188999885174
535,59.906188999885174
536,59.906188999885174
537,59.906188999885174
538,59.906188999885174
539,59.906188999885174
540,59.906188999885174
541,59.906188999885174
542,59.906188999885174
543,59.906188999885174
544,59.906188999885174
545,59.906188999885174
546,59.906188999885174
547,59.906188999885174
548,59.906188999885174
549,59.906188999885174
550,59.906188999885174
551,59.0
552,58.0
553,56.0
554,55.0
555,54.0
556,53.0
557,53.0
558,55.0
559,59.0
560,62.0
561,65.0
562,66.0
563,63.0
564,62.0
565,60.0
566,60.0
567,63.0
568,71.0
569,72.0
570,64.0
571,58.0
572,56.0
573,57.0
574,53.0
575,52.0
576,50.0
577,51.0
578,51.0
579,50.0
580,50.0
581,47.0
582,48.0
583,51.0
584,55.0
585,57.0
586,59.0
587,59.0
588,58.0
589,56.0
590,58.0
591,58.0
592,66.0
593,70.0
594,68.0
595,60.0
596,59.0
597,61.0
598,58.0
599,56.0
600,55.0
601,55.0
602,55.0
603,54.0
604,56.0
605,62.0
606,71.0
607,75.0
608,75.0
609,72.0
610,71.0
611,68.0
612,69.0
613,67.0
614,67.0
615,68.0
616,72.0
617,71.0
618,67.0
619,60.0
620,56.0
621,56.0
622,50.0
623,48.0
624,48.0
625,47.0
626,47.0
627,47.0
628,49.0
629,57.0
630,64.0
631,68.0
632,65.0
633,65.0
634,65.0
635,64.0
636,64.0
637,66.0
638,68.0
639,71.0
640,78.0
641,80.0
642,77.0
643,67.0
644,63.0
645,62.0
646,58.0
647,56.0
648,55.0
649,54.0
650,53.0
651,53.0
652,55.0
653,62.0
654,68.0
655,70.0
656,67.0
657,64.0
658,62.0
659,59.0
660,57.0
661,56.0
662,55.0
663,54.0
664,56.0
665,56.0
666,53.0
667,51.0
668,47.0
669,45.0
670,37.0
671,39.0
672,39.0
673,37.0
674,37.0
675,39.0
676,41.0
677,53.0
678,59.0
679,59.0
680,55.0
681,56.0
682,56.0
683,55.0
684,55.0
685,57.0
686,58.0
687,63.0
688,70.0
689,73.0
690,70.0
691,67.0
692,61.0
693,59.0
694,55.0
695,55.0
696,54.0
697,54.0
698,54.0
699,53.0
700,56.0
701,61.0
702,70.0
703,76.0
704,74.0
705,73.0
706,74.0
707,73.0
708,72.0
709,72.0
710,71.0
711,72.0
712,76.0
713,77.0
714,74.0
715,67.0
716,61.0
717,59.0
718,55.0
719,56.0
720,56.0
721,55.0
722,53.0
723,53.0
724,52.0
725,54.0
726,57.0
727,58.0
728,61.0
729,61.0
730,62.0
731,61.0
732,59.0
733,58.0
734,59.0
735,60.0
736,66.0
737,68.0
738,63.0
739,59.0
740,56.0
741,57.0
742,55.0
743,55.0
744,53.0
745,52.0
746,52.0
747,52.0
748,52.0
749,49.0
750,50.0
751,52.0
752,55.0
753,55.0
754,58.0
755,55.0
756,54.0
757,52.0
758,52.0
759,53.0
760,59.0
761,60.0
762,58.0
763,54.0
764,51.0
765,51.0
766,47.0
767,45.0
768,44.0
769,46.0
770,45.0
771,46.0
772,48.0
773,56.0
774,66.0
775,68.0
776,67.0
777,66.0
778,66.0
779,64.0
780,64.0
781,63.0
782,65.0
783,64.0
784,71.0
785,72.0
786,67.0
787,63.0
788,61.0
789,60.0
790,56.0
791,59.0
792,57.0
793,56.0
794,56.0
795,57.0
796,61.0
797,69.0
798,83.0
799,84.0
800,84.0
801,84.0
802,82.0
803,80.0
804,80.0
805,78.0
806,80.0
807,81.0
808,92.0
809,95.0
810,88.0
811,78.0
812,72.0
813,69.0
814,65.0
815,61.0
816,59.0
817,58.0
818,59.0
819,59.0
820,62.0
821,70.0
822,87.0
823,90.0
824,89.0
825,86.0
826,85.0
827,80.0
828,80.0
829,79.0
830,80.0
831,83.0
832,91.0
833,97.0
834,88.0
835,78.0
836,72.0
837,70.0
838,61.0
839,63.0
840,60.0
841,59.0
842,59.0
843,60.0
844,62.0
845,73.0
846,84.0
847,91.0
848,91.0
849,87.0
850,85.0
851,79.0
852,79.0
853,76.0
854,73.0
855,73.0
856,79.0
857,82.0
858,74.0
859,70.0
860,62.0
861,60.0
862,56.0
863,57.0
864,57.0
865,55.0
866,55.0
867,55.0
868,57.0
869,65.0
870,76.0
871,78.0
872,77.0
873,74.0
874,73.0
875,71.0
876,68.0
877,66.0
878,68.0
879,72.0
880,78.0
881,80.0
882,77.0
883,71.0
884,65.0
885,64.0
886,61.0
887,94.0
888,93.0
889,91.0
890,87.0
891,87.0
892,86.0
893,87.0
894,93.0
895,95.0
896,94.0
897,95.0
898,93.0
899,88.0
900,83.0
901,79.0
902,78.0
903,78.0
904,88.0
905,88.0
906,82.0
907,69.0
908,60.0
909,60.0
910,53.0
911,57.0
912,52.0
913,43.0
914,40.0
915,44.0
916,43.0
917,46.0
918,50.0
919,49.0
920,57.0
921,64.0
922,68.0
923,66.0
924,60.0
925,62.0
926,69.0
927,68.0
928,87.0
929,100.0
930,99.0
931,98.0
932,92.0
933,92.0
934,85.0
935,72.0
936,70.0
937,68.0
938,67.0
939,72.0
940,75.0
941,87.0
942,108.0
943,113.0
944,112.0
945,113.0
946,113.0
947,109.0
948,108.0
949,106.0
950,107.0
951,108.0
952,120.0
953,124.0
954,117.0
955,108.0
956,98.0
957,94.0
958,87.0
959,54.0
960,54.0
961,53.0
962,54.0
963,54.0
964,55.0
965,63.0
966,74.0
967,75.0
968,75.0
969,76.0
970,76.0
971,76.0
972,75.0
973,74.0
974,74.0
975,77.0
976,84.0
977,90.0
978,85.0
979,73.0
980,69.0
981,66.0
982,61.0
983,60.0
984,59.0
985,58.0
986,58.0
987,59.0
988,62.0
989,73.0
990,88.0
991,87.0
992,84.0
993,82.0
994,82.0
995,79.0
996,77.0
997,76.0
998,77.0
999,78.0
1000,88.0
1001,103.0
1002,88.0
1003,79.0
1004,73.0
1005,71.0
1006,63.0
1007,58.0
1008,59.0
1009,59.0
1010,60.0
1011,60.0
1012,61.0
1013,73.0
1014,87.0
1015,86.0
1016,80.0
1017,76.0
1018,74.0
1019,71.0
1020,71.0
1021,70.0
1022,73.0
1023,76.0
1024,84.0
1025,106.0
1026,91.0
1027,79.0
1028,72.0
1029,71.0
1030,59.0
1031,61.0
1032,60.0
1033,59.0
1034,59.0
1035,60.0
1036,61.0
1037,72.0
1038,84.0
1039,87.0
1040,81.0
1041,75.0
1042,72.0
1043,68.0
1044,65.0
1045,64.0
1046,66.0
1047,71.0
1048,75.0
1049,79.0
1050,75.0
1051,67.0
1052,60.0
1053,59.0
1054,58.0
1055,54.0
1056,54.0
1057,53.0
1058,53.0
1059,53.0
1060,54.0
1061,54.0
1062,57.0
1063,60.0
1064,63.0
1065,63.0
1066,62.0
1067,60.0
1068,59.0
1069,58.0
1070,59.0
1071,61.0
1072,69.0
1073,72.0
1074,68.0
1075,60.0
1076,58.0
1077,58.0
1078,56.0
1079,54.0
1080,51.0
1081,49.0
1082,48.0
1083,47.0
1084,47.0
1085,46.0
1086,47.0
1087,53.0
1088,55.0
1089,56.0
1090,57.0
1091,54.0
1092,52.0
1093,51.0
1094,52.0
1095,53.0
1096,60.0
1097,64.0
1098,63.0
1099,60.0
1100,59.0
1101,59.0
1102,56.0
1103,50.0
1104,49.0
1105,48.0
1106,49.0
1107,49.0
1108,52.0
1109,60.0
1110,69.0
1111,71.0
1112,71.0
1113,69.0
1114,67.0
1115,64.0
1116,64.0
1117,64.0
1118,67.0
1119,68.0
1120,71.0
1121,75.0
1122,71.0
1123,67.0
1124,62.0
1125,61.0
1126,56.0
1127,58.0
1128,58.0
1129,55.0
1130,55.0
1131,56.0
1132,59.0
1133,71.0
1134,83.0
1135,88.0
1136,82.0
1137,77.0
1138,76.0
1139,74.0
1140,72.0
1141,72.0
1142,74.0
1143,77.0
1144,83.0
1145,92.0
1146,88.0
1147,78.0
1148,72.0
1149,69.0
1150,61.0
1151,61.0
1152,60.0
1153,59.0
1154,59.0
1155,59.0
1156,60.0
1157,72.0
1158,83.0
1159,85.0
1160,83.0
1161,78.0
1162,75.0
1163,71.0
1164,69.0
1165,69.0
1166,71.0
1167,73.0
1168,77.0
1169,84.0
1170,78.0
1171,72.0
1172,65.0
1173,59.0
1174,57.0
1175,56.0
1176,56.0
1177,55.0
1178,54.0
1179,54.0
1180,57.0
1181,65.0
1182,73.0
1183,75.0
1184,71.0
1185,68.0
1186,66.0
1187,64.0
1188,63.0
1189,61.0
1190,63.0
1191,70.0
1192,76.0
1193,81.0
1194,76.0
1195,68.0
1196,61.0
1197,59.0
1198,55.0
1199,55.0
1200,54.0
1201,53.0
1202,52.0
1203,53.0
1204,55.0
1205,60.0
1206,64.0
1207,68.0
1208,65.0
1209,62.0
1210,61.0
1211,57.0
1212,58.0
1213,58.0
1214,63.0
1215,66.0
1216,74.0
1217,77.0
1218,72.0
1219,64.0
1220,60.0
1221,59.0
1222,56.0
1223,53.0
1224,51.0
1225,48.0
1226,48.0
1227,49.0
1228,50.0
1229,51.0
1230,52.0
1231,54.0
1232,56.0
1233,55.0
1234,55.0
1235,53.0
1236,52.0
1237,52.0
1238,56.0
1239,59.0
1240,65.0
1241,73.0
1242,71.0
1243,65.0
1244,61.0
1245,61.0
1246,58.0
1247,55.0
1248,54.0
1249,53.0
1250,53.0
1251,55.0
1252,54.0
1253,53.0
1254,54.0
1255,55.0
1256,58.0
1257,58.0
1258,60.0
1259,58.0
1260,54.0
1261,54.0
1262,55.0
1263,57.0
1264,61.0
1265,66.0
1266,62.0
1267,57.0
1268,54.0
1269,54.0
1270,48.0
1271,37.0
1272,34.0
1273,32.0
1274,30.0
1275,32.0
1276,34.0
1277,48.0
1278,56.0
1279,59.0
1280,60.0
1281,59.0
1282,61.0
1283,60.0
1284,62.0
1285,63.0
1286,65.0
1287,66.0
1288,72.0
1289,76.0
1290,74.0
1291,70.0
1292,62.0
1293,61.0
1294,56.0
1295,53.0
1296,52.0
1297,51.0
1298,50.0
1299,51.0
1300,54.0
1301,62.0
1302,64.0
1303,64.0
1304,63.0
1305,60.0
1306,58.0
1307,57.0
1308,56.0
1309,57.0
1310,59.0
1311,65.0
1312,71.0
1313,81.0
1314,77.0
1315,69.0
1316,63.0
1317,62.0
1318,58.0
1319,58.0
1320,57.0
1321,56.0
1322,56.0
1323,57.0
1324,59.0
1325,68.0
1326,77.0
1327,81.0
1328,76.0
1329,74.0
1330,73.0
1331,70.0
1332,71.0
1333,72.0
1334,74.0
1335,76.0
1336,82.0
1337,91.0
1338,88.0
1339,78.0
1340,72.0
1341,68.0
1342,62.0
1343,62.0
1344,60.0
1345,60.0
1346,60.0
1347,61.0
1348,63.0
1349,75.0
1350,82.0
1351,80.0
1352,77.0
1353,74.0
1354,71.0
1355,64.0
1356,63.0
1357,63.0
1358,65.0
1359,69.0
1360,73.0
1361,77.0
1362,73.0
1363,64.0
1364,60.0
1365,59.0
1366,55.0
1367,55.0
1368,55.0
1369,54.0
1370,55.0
1371,55.0
1372,59.0
1373,68.0
1374,75.0
1375,78.0
1376,76.0
1377,76.0
1378,75.0
1379,71.0
1380,71.0
1381,68.0
1382,70.0
1383,72.0
1384,77.0
1385,87.0
1386,83.0
1387,73.0
1388,66.0
1389,63.0
1390,60.0
1391,59.0
1392,58.0
1393,57.0
1394,57.0
1395,57.0
1396,58.0
1397,59.0
1398,60.0
1399,62.0
1400,63.0
1401,61.0
1402,57.0
1403,55.0
1404,54.0
1405,53.0
1406,56.0
1407,58.0
1408,63.0
1409,69.0
1410,63.0
1411,58.0
1412,53.0
1413,52.0
1414,47.0
1415,44.0
1416,41.0
1417,38.0
1418,36.0
1419,32.0
1420,31.0
1421,21.0
1422,23.0
1423,32.0
1424,37.0
1425,40.0
1426,42.0
1427,41.0
1428,39.0
1429,37.0
1430,39.0
1431,42.0
1432,48.0
1433,55.0
1434,56.0
1435,50.0
1436,48.0
1437,52.0
1438,47.0
1439,43.0
1440,43.0
1441,41.0
1442,41.0
1443,42.0
1444,46.0
1445,59.0
1446,64.0
1447,63.0
1448,61.0
1449,60.0
1450,59.0
1451,58.0
1452,57.0
1453,57.0
1454,60.0
1455,60.0
1456,65.0
1457,72.0
1458,71.0
1459,66.0
1460,59.0
1461,57.0
1462,53.0
1463,43.0
1464,41.0
1465,39.0
1466,40.0
1467,43.0
1468,46.0
1469,58.0
1470,62.0
1471,63.0
1472,57.0
1473,52.0
1474,52.0
1475,51.0
1476,55.0
1477,57.0
1478,61.0
1479,62.0
1480,69.0
1481,81.0
1482,82.0
1483,67.0
1484,60.0
1485,59.0
1486,54.0
1487,51.0
1488,48.0
1489,47.0
1490,47.0
1491,48.0
1492,52.0
1493,60.0
1494,65.0
1495,67.0
1496,60.0
1497,56.0
1498,54.0
1499,53.0
1500,54.0
1501,54.0
1502,57.0
1503,59.0
1504,67.0
1505,76.0
1506,74.0
1507,63.0
1508,57.0
1509,55.0
1510,53.0
1511,53.0
1512,53.0
1513,52.0
1514,53.0
1515,54.0
1516,57.0
1517,65.0
1518,74.0
1519,75.0
1520,70.0
1521,67.0
1522,64.0
1523,61.0
1524,61.0
1525,63.0
1526,65.0
1527,69.0
1528,78.0
1529,91.0
1530,90.0
1531,80.0
1532,72.0
1533,68.0
1534,63.0
1535,57.0
1536,56.0
1537,57.0
1538,56.0
1539,56.0
1540,57.0
1541,67.0
1542,76.0
1543,76.0
1544,71.0
1545,67.0
1546,64.0
1547,61.0
1548,60.0
1549,60.0
1550,62.0
1551,64.0
1552,72.0
1553,84.0
1554,86.0
1555,73.0
1556,65.0
1557,62.0
1558,56.0
1559,55.0
1560,55.0
1561,54.0
1562,54.0
1563,53.0
1564,54.0
1565,54.0
1566,55.0
1567,57.0
1568,55.0
1569,53.0
1570,48.0
1571,47.0
1572,46.0
1573,48.0
1574,50.0
1575,54.0
1576,61.0
1577,69.0
1578,66.0
1579,58.0
1580,55.0
1581,54.0
1582,49.0
1583,48.0
1584,46.0
1585,44.0
1586,43.0
1587,44.0
1588,46.0
1589,46.0
1590,45.0
1591,41.0
1592,39.0
1593,39.0
1594,40.0
1595,39.0
1596,39.0
1597,40.0
1598,44.0
1599,49.0
1600,58.0
1601,64.0
1602,67.0
1603,63.0
1604,61.0
1605,62.0
1606,58.0
1607,53.0
1608,53.0
1609,51.0
1610,51.0
1611,51.0
1612,57.0
1613,68.0
1614,77.0
1615,80.0
1616,74.0
1617,68.0
1618,66.0
1619,60.0
1620,59.0
1621,62.0
1622,65.0
1623,67.0
1624,73.0
1625,87.0
1626,90.0
1627,77.0
1628,68.0
1629,66.0
1630,61.0
1631,56.0
1632,56.0
1633,56.0
1634,55.0
1635,55.0
1636,57.0
1637,65.0
1638,74.0
1639,78.0
1640,71.0
1641,66.0
1642,64.0
1643,61.0
1644,62.0
1645,63.0
1646,66.0
1647,67.0
1648,70.0
1649,85.0
1650,89.0
1651,74.0
1652,65.0
1653,62.0
1654,57.0
1655,56.0
1656,55.0
1657,53.0
1658,54.0
1659,55.0
1660,57.0
1661,68.0
1662,73.0
1663,69.0
1664,63.0
1665,59.0
1666,58.0
1667,57.0
1668,57.0
1669,55.0
1670,59.0
1671,64.0
1672,71.0
1673,84.0
1674,92.0
1675,78.0
1676,70.0
1677,65.0
1678,59.0
1679,59.0
1680,59.0
1681,58.0
1682,58.0
1683,58.0
1684,61.0
1685,73.0
1686,81.0
1687,78.0
1688,71.0
1689,67.0
1690,64.0
1691,62.0
1692,62.0
1693,60.0
1694,63.0
1695,66.0
1696,70.0
1697,79.0
1698,87.0
1699,72.0
1700,64.0
1701,61.0
1702,55.0
1703,57.0
1704,56.0
1705,55.0
1706,56.0
1707,57.0
1708,59.0
1709,70.0
1710,76.0
1711,76.0
1712,71.0
1713,67.0
1714,65.0
1715,61.0
1716,61.0
1717,61.0
1718,63.0
1719,63.0
1720,69.0
1721,78.0
1722,83.0
1723,70.0
1724,62.0
1725,62.0
1726,58.0
1727,58.0
1728,57.0
1729,55.0
1730,55.0
1731,55.0
1732,54.0
1733,56.0
1734,59.0
1735,60.0
1736,61.0
1737,61.0
1738,60.0
1739,59.0
1740,57.0
1741,57.0
1742,56.0
1743,57.0
1744,61.0
1745,69.0
1746,69.0
1747,63.0
1748,58.0
1749,59.0
1750,54.0
1751,51.0
1752,49.0
1753,50.0
1754,50.0
1755,50.0
1756,49.0
1757,48.0
1758,49.0
1759,47.0
1760,49.0
1761,48.0
1762,49.0
1763,46.0
1764,41.0
1765,38.0
1766,39.0
1767,41.0
1768,48.0
1769,58.0
1770,60.0
1771,58.0
1772,50.0
1773,50.0
1774,45.0
1775,41.0
1776,40.0
1777,39.0
1778,39.0
1779,41.0
1780,47.0
1781,60.0
1782,65.0
1783,63.0
1784,59.0
1785,57.0
1786,53.0
1787,51.0
1788,51.0
1789,53.0
1790,56.0
1791,59.0
1792,64.0
1793,72.0
1794,75.0
1795,65.0
1796,61.0
1797,59.0
1798,55.0
1799,53.0
1800,53.0
1801,52.0
1802,53.0
1803,54.0
1804,56.0
1805,68.0
1806,75.0
1807,72.0
1808,65.0
1809,61.0
1810,59.0
1811,58.0
1812,58.0
1813,57.0
1814,59.0
1815,63.0
1816,70.0
1817,79.0
1818,86.0
1819,73.0
1820,65.0
1821,62.0
1822,57.0
1823,55.0
1824,55.0
1825,54.0
1826,54.0
1827,54.0
1828,57.0
1829,67.0
1830,73.0
1831,71.0
1832,62.0
1833,59.0
1834,58.0
1835,56.0
1836,56.0
1837,56.0
1838,60.0
1839,64.0
1840,72.0
1841,80.0
1842,87.0
1843,75.0
1844,67.0
1845,64.0
1846,58.0
1847,57.0
1848,57.0
1849,57.0
1850,57.0
1851,58.0
1852,60.0
1853,70.0
1854,80.0
1855,78.0
1856,70.0
1857,65.0
1858,63.0
1859,59.0
1860,60.0
1861,61.0
1862,64.0
1863,67.0
1864,73.0
1865,85.0
1866,92.0
1867,79.0
1868,70.0
1869,66.0
1870,60.0
1871,59.0
1872,58.0
1873,57.0
1874,56.0
1875,57.0
1876,60.0
1877,67.0
1878,76.0
1879,74.0
1880,74.0
1881,80.0
1882,65.0
1883,56.0
1884,55.0
1885,58.0
1886,56.0
1887,60.0
1888,67.0
1889,74.0
1890,82.0
1891,74.0
1892,63.0
1893,63.0
1894,57.0
1895,59.0
1896,57.0
1897,55.0
1898,55.0
1899,56.0
1900,56.0
1901,55.0
1902,57.0
1903,62.0
1904,64.0
1905,64.0
1906,63.0
1907,60.0
1908,58.0
1909,58.0
1910,56.0
1911,55.0
1912,59.0
1913,65.0
1914,65.0
1915,58.0
1916,54.0
1917,53.0
1918,48.0
1919,48.0
1920,46.0
1921,45.0
1922,44.0
1923,45.0
1924,47.0
1925,47.0
1926,49.0
1927,49.0
1928,51.0
1929,51.0
1930,53.0
1931,51.0
1932,51.0
1933,50.0
1934,51.0
1935,52.0
1936,59.0
1937,70.0
1938,74.0
1939,70.0
1940,62.0
1941,63.0
1942,58.0
1943,55.0
1944,55.0
1945,55.0
1946,55.0
1947,54.0
1948,57.0
1949,69.0
1950,76.0
1951,74.0
1952,66.0
1953,61.0
1954,59.0
1955,57.0
1956,57.0
1957,57.0
1958,59.0
1959,65.0
1960,73.0
1961,83.0
1962,91.0
1963,78.0
1964,70.0
1965,66.0
1966,57.0
1967,61.0
1968,60.0
1969,59.0
1970,59.0
1971,59.0
1972,62.0
1973,74.0
1974,83.0
1975,83.0
1976,75.0
1977,70.0
1978,68.0
1979,66.0
1980,67.0
1981,68.0
1982,71.0
1983,72.0
1984,78.0
1985,88.0
1986,105.0
1987,84.0
1988,74.0
1989,69.0
1990,60.0
1991,59.0
1992,58.0
1993,59.0
1994,59.0
1995,59.0
1996,60.0
1997,73.0
1998,81.0
1999,80.0
2000,72.0
2001,66.0
2002,64.0
2003,63.0
2004,64.0
2005,64.0
2006,66.0
2007,69.0
2008,73.0
2009,80.0
2010,95.0
2011,74.0
2012,66.0
2013,60.0
2014,57.0
2015,55.0
2016,55.0
2017,54.0
2018,54.0
2019,56.0
2020,58.0
2021,63.0
2022,74.0
2023,81.0
2024,80.0
2025,76.0
2026,76.0
2027,72.0
2028,73.0
2029,70.0
2030,73.0
2031,73.0
2032,74.0
2033,83.0
2034,93.0
2035,73.0
2036,67.0
2037,60.0
2038,55.0
2039,56.0
2040,56.0
2041,55.0
2042,54.0
2043,55.0
2044,57.0
2045,66.0
2046,73.0
2047,71.0
2048,69.0
2049,65.0
2050,63.0
2051,61.0
2052,60.0
2053,57.0
2054,57.0
2055,59.0
2056,64.0
2057,70.0
2058,79.0
2059,68.0
2060,62.0
2061,61.0
2062,56.0
2063,56.0
2064,54.0
2065,56.0
2066,56.0
2067,55.0
2068,57.0
2069,61.0
2070,63.0
2071,62.0
2072,62.0
2073,59.0
2074,57.0
2075,54.0
2076,52.0
2077,51.0
2078,51.0
2079,52.0
2080,56.0
2081,61.0
2082,62.0
2083,55.0
2084,50.0
2085,50.0
2086,41.0
2087,38.0
2088,37.0
2089,59.906188999885174
2090,59.906188999885174
2091,59.906188999885174
2092,41.0
2093,41.0
2094,44.0
2095,44.0
2096,44.0
2097,48.0
2098,47.0
2099,43.0
2100,38.0
2101,31.0
2102,30.0
2103,33.0
2104,34.0
2105,38.0
2106,46.0
2107,44.0
2108,40.0
2109,33.0
2110,22.0
2111,21.0
2112,19.0
2113,19.0
2114,25.0
2115,35.0
2116,50.0
2117,56.0
2118,58.0
2119,57.0
2120,57.0
2121,56.0
2122,53.0
2123,53.0
2124,55.0
2125,54.0
2126,56.0
2127,57.0
2128,63.0
2129,64.0
2130,61.0
2131,58.0
2132,51.0
2133,42.0
2134,43.0
2135,46.0
2136,42.0
2137,40.0
2138,40.0
2139,46.0
2140,57.0
2141,62.0
2142,59.0
2143,59.0
2144,58.0
2145,57.0
2146,53.0
2147,51.0
2148,47.0
2149,47.0
2150,46.0
2151,46.0
2152,50.0
2153,58.0
2154,59.0
2155,52.0
2156,46.0
2157,36.0
2158,25.0
2159,24.0
2160,20.0
2161,21.0
2162,25.0
2163,36.0
2164,49.0
2165,54.0
2166,53.0
2167,50.0
2168,49.0
2169,48.0
2170,45.0
2171,42.0
2172,41.0
2173,41.0
2174,44.0
2175,52.0
2176,58.0
2177,64.0
2178,63.0
2179,59.0
2180,56.0
2181,44.0
2182,45.0
2183,43.0
2184,42.0
2185,44.0
2186,47.0
2187,53.0
2188,62.0
2189,70.0
2190,75.0
2191,76.0
2192,73.0
2193,67.0
2194,59.0
2195,55.0
2196,51.0
2197,51.0
2198,49.0
2199,54.0
2200,61.0
2201,67.0
2202,68.0
2203,63.0
2204,61.0
2205,53.0
2206,53.0
2207,51.0
2208,51.0
2209,53.0
2210,52.0
2211,54.0
2212,52.0
2213,54.0
2214,56.0
2215,54.0
2216,53.0
2217,53.0
2218,52.0
2219,49.0
2220,47.0
2221,49.0
2222,54.0
2223,58.0
2224,66.0
2225,70.0
2226,76.0
2227,71.0
2228,69.0
2229,61.0
2230,58.0
2231,57.0
2232,55.0
2233,55.0
2234,55.0
2235,57.0
2236,58.0
2237,61.0
2238,64.0
2239,66.0
2240,68.0
2241,65.0
2242,64.0
2243,60.0
2244,57.0
2245,55.0
2246,56.0
2247,58.0
2248,64.0
2249,69.0
2250,68.0
2251,64.0
2252,62.0
2253,55.0
2254,56.0
2255,53.0
2256,53.0
2257,53.0
2258,53.0
2259,55.0
2260,56.0
2261,55.0
2262,52.0
2263,50.0
2264,48.0
2265,45.0
2266,41.0
2267,40.0
2268,35.0
2269,35.0
2270,38.0
2271,46.0
2272,55.0
2273,61.0
2274,67.0
2275,65.0
2276,64.0
2277,60.0
2278,54.0
2279,52.0
2280,47.0
2281,51.0
2282,52.0
2283,54.0
2284,53.0
2285,53.0
2286,52.0
2287,51.0
2288,50.0
2289,49.0
2290,43.0
2291,41.0
2292,39.0
2293,39.0
2294,40.0
2295,44.0
2296,54.0
2297,61.0
2298,63.0
2299,60.0
2300,59.0
2301,52.0
2302,53.0
2303,52.0
2304,47.0
2305,46.0
2306,50.0
2307,54.0
2308,64.0
2309,73.0
2310,69.0
2311,67.0
2312,66.0
2313,64.0
2314,61.0
2315,58.0
2316,58.0
2317,58.0
2318,60.0
2319,64.0
2320,69.0
2321,73.0
2322,73.0
2323,69.0
2324,62.0
2325,56.0
2326,58.0
2327,57.0
2328,58.0
2329,57.0
2330,56.0
2331,58.0
2332,72.0
2333,82.0
2334,81.0
2335,75.0
2336,71.0
2337,69.0
2338,64.0
2339,63.0
2340,63.0
2341,64.0
2342,66.0
2343,70.0
2344,77.0
2345,83.0
2346,86.0
2347,79.0
2348,72.0
2349,62.0
2350,62.0
2351,61.0
2352,61.0
2353,60.0
2354,60.0
2355,61.0
2356,72.0
2357,82.0
2358,85.0
2359,80.0
2360,71.0
2361,67.0
2362,63.0
2363,62.0
2364,62.0
2365,62.0
2366,63.0
2367,68.0
2368,75.0
2369,81.0
2370,86.0
2371,81.0
2372,72.0
2373,64.0
2374,59.0
2375,58.0
2376,58.0
2377,58.0
2378,59.0
2379,59.0
2380,73.0
2381,87.0
2382,89.0
2383,75.0
2384,67.0
2385,61.0
2386,57.0
2387,56.0
2388,56.0
2389,57.0
2390,58.0
2391,64.0
2392,72.0
2393,76.0
2394,78.0
2395,73.0
2396,67.0
2397,56.0
2398,57.0
2399,55.0
2400,54.0
2401,54.0
2402,54.0
2403,55.0
2404,54.0
2405,56.0
2406,56.0
2407,55.0
2408,54.0
2409,52.0
2410,48.0
2411,46.0
2412,43.0
2413,43.0
2414,44.0
2415,48.0
2416,54.0
2417,56.0
2418,59.0
2419,56.0
2420,53.0
2421,50.0
2422,46.0
2423,43.0
2424,42.0
2425,43.0
2426,47.0
2427,48.0
2428,50.0
2429,50.0
2430,50.0
2431,52.0
2432,50.0
2433,50.0
2434,48.0
2435,42.0
2436,38.0
2437,38.0
2438,41.0
2439,46.0
2440,54.0
2441,59.0
2442,64.0
2443,63.0
2444,61.0
2445,56.0
2446,49.0
2447,47.0
2448,46.0
2449,46.0
2450,48.0
2451,53.0
2452,63.0
2453,71.0
2454,72.0
2455,63.0
2456,61.0
2457,57.0
2458,53.0
2459,51.0
2460,50.0
2461,51.0
2462,53.0
2463,57.0
2464,63.0
2465,71.0
2466,77.0
2467,72.0
2468,67.0
2469,60.0
2470,58.0
2471,58.0
2472,57.0
2473,56.0
2474,57.0
2475,59.0
2476,70.0
2477,79.0
2478,82.0
2479,69.0
2480,66.0
2481,60.0
2482,56.0
2483,54.0
2484,53.0
2485,53.0
2486,51.0
2487,56.0
2488,63.0
2489,67.0
2490,69.0
2491,64.0
2492,58.0
2493,53.0
2494,52.0
2495,51.0
2496,51.0
2497,51.0
2498,51.0
2499,55.0
2500,65.0
2501,71.0
2502,70.0
2503,60.0
2504,56.0
2505,54.0
2506,49.0
2507,46.0
2508,44.0
2509,45.0
2510,45.0
2511,51.0
2512,59.0
2513,65.0
2514,69.0
2515,64.0
2516,59.0
2517,54.0
2518,52.0
2519,52.0
2520,52.0
2521,53.0
2522,52.0
2523,56.0
2524,68.0
2525,77.0
2526,79.0
2527,72.0
2528,67.0
2529,64.0
2530,59.0
2531,57.0
2532,57.0
2533,58.0
2534,58.0
2535,62.0
2536,68.0
2537,74.0
2538,76.0
2539,72.0
2540,66.0
2541,58.0
2542,57.0
2543,56.0
2544,56.0
2545,54.0
2546,54.0
2547,58.0
2548,68.0
2549,79.0
2550,81.0
2551,78.0
2552,72.0
2553,70.0
2554,66.0
2555,65.0
2556,62.0
2557,61.0
2558,60.0
2559,61.0
2560,64.0
2561,71.0
2562,73.0
2563,68.0
2564,63.0
2565,56.0
2566,58.0
2567,54.0
2568,53.0
2569,52.0
2570,52.0
2571,53.0
2572,55.0
2573,57.0
2574,58.0
2575,56.0
2576,56.0
2577,52.0
2578,50.0
2579,48.0
2580,44.0
2581,44.0
2582,45.0
2583,51.0
2584,58.0
2585,61.0
2586,63.0
2587,63.0
2588,60.0
2589,56.0
2590,54.0
2591,52.0
2592,49.0
2593,48.0
2594,48.0
2595,47.0
2596,48.0
2597,48.0
2598,45.0
2599,42.0
2600,40.0
2601,39.0
2602,35.0
2603,34.0
2604,29.0
2605,28.0
2606,34.0
2607,39.0
2608,48.0
2609,55.0
2610,62.0
2611,61.0
2612,60.0
2613,53.0
2614,50.0
2615,50.0
2616,48.0
2617,49.0
2618,50.0
2619,57.0
2620,68.0
2621,74.0
2622,74.0
2623,65.0
2624,60.0
2625,59.0
2626,57.0
2627,54.0
2628,53.0
2629,54.0
2630,54.0
2631,60.0
2632,64.0
2633,67.0
2634,72.0
2635,68.0
2636,64.0
2637,58.0
2638,60.0
2639,57.0
2640,56.0
2641,54.0
2642,55.0
2643,60.0
2644,68.0
2645,75.0
2646,69.0
2647,61.0
2648,57.0
2649,54.0
2650,51.0
2651,48.0
2652,47.0
2653,48.0
2654,50.0
2655,53.0
2656,60.0
2657,66.0
2658,71.0
2659,66.0
2660,62.0
2661,57.0
2662,53.0
2663,51.0
2664,52.0
2665,50.0
2666,51.0
2667,56.0
2668,67.0
2669,74.0
2670,75.0
2671,70.0
2672,65.0
2673,62.0
2674,60.0
2675,59.0
2676,58.0
2677,58.0
2678,59.0
2679,64.0
2680,70.0
2681,75.0
2682,76.0
2683,73.0
2684,68.0
2685,60.0
2686,60.0
2687,58.0
2688,54.0
2689,52.0
2690,53.0
2691,56.0
2692,67.0
2693,75.0
2694,79.0
2695,71.0
2696,63.0
2697,60.0
2698,58.0
2699,57.0
2700,57.0
2701,57.0
2702,58.0
2703,64.0
2704,72.0
2705,77.0
2706,77.0
2707,74.0
2708,68.0
2709,63.0
2710,59.0
2711,56.0
2712,56.0
2713,55.0
2714,55.0
2715,58.0
2716,67.0
2717,74.0
2718,75.0
2719,68.0
2720,62.0
2721,58.0
2722,56.0
2723,55.0
2724,54.0
2725,54.0
2726,55.0
2727,61.0
2728,66.0
2729,68.0
2730,71.0
2731,68.0
2732,65.0
2733,58.0
2734,57.0
2735,54.0
2736,52.0
2737,52.0
2738,51.0
2739,52.0
2740,53.0
2741,54.0
2742,58.0
2743,59.0
2744,58.0
2745,57.0
2746,57.0
2747,55.0
2748,53.0
2749,55.0
2750,56.0
2751,58.0
2752,60.0
2753,65.0
2754,66.0
2755,64.0
2756,61.0
2757,56.0
2758,51.0
2759,48.0
2760,47.0
2761,45.0
2762,45.0
2763,46.0
2764,46.0
2765,50.0
2766,52.0
2767,53.0
2768,53.0
2769,53.0
2770,52.0
2771,49.0
2772,46.0
2773,45.0
2774,48.0
2775,52.0
2776,56.0
2777,59.0
2778,59.0
2779,59.0
2780,57.0
2781,52.0
2782,51.0
2783,49.0
2784,46.0
2785,48.0
2786,48.0
2787,53.0
2788,62.0
2789,70.0
2790,77.0
2791,74.0
2792,70.0
2793,67.0
2794,65.0
2795,63.0
2796,61.0
2797,60.0
2798,58.0
2799,58.0
2800,61.0
2801,61.0
2802,59.0
2803,56.0
2804,55.0
2805,49.0
2806,57.0
2807,55.0
2808,54.0
2809,53.0
2810,54.0
2811,57.0
2812,70.0
2813,76.0
2814,80.0
2815,77.0
2816,76.0
2817,73.0
2818,68.0
2819,66.0
2820,63.0
2821,62.0
2822,61.0
2823,64.0
2824,66.0
2825,69.0
2826,72.0
2827,69.0
2828,67.0
2829,59.0
2830,56.0
2831,56.0
2832,54.0
2833,53.0
2834,54.0
2835,56.0
2836,66.0
2837,75.0
2838,72.0
2839,64.0
2840,60.0
2841,59.0
2842,57.0
2843,55.0
2844,54.0
2845,55.0
2846,57.0
2847,61.0
2848,67.0
2849,72.0
2850,72.0
2851,70.0
2852,64.0
2853,56.0
2854,54.0
2855,53.0
2856,53.0
2857,52.0
2858,52.0
2859,55.0
2860,63.0
2861,74.0
2862,79.0
2863,74.0
2864,68.0
2865,64.0
2866,61.0
2867,57.0
2868,56.0
2869,57.0
2870,57.0
2871,61.0
2872,66.0
2873,69.0
2874,70.0
2875,67.0
2876,61.0
2877,57.0
2878,53.0
2879,52.0
2880,50.0
2881,50.0
2882,49.0
2883,48.0
2884,46.0
2885,47.0
2886,51.0
2887,52.0
2888,52.0
2889,53.0
2890,52.0
2891,49.0
2892,48.0
2893,47.0
2894,50.0
2895,51.0
2896,54.0
2897,56.0
2898,59.0
2899,58.0
2900,58.0
2901,55.0
2902,53.0
2903,52.0
2904,50.0
2905,48.0
2906,48.0
2907,50.0
2908,54.0
2909,57.0
2910,58.0
2911,58.0
2912,58.0
2913,57.0
2914,54.0
2915,51.0
2916,49.0
2917,47.0
2918,49.0
2919,51.0
2920,56.0
2921,62.0
2922,64.0
2923,62.0
2924,61.0
2925,56.0
2926,52.0
2927,48.0
2928,46.0
2929,44.0
2930,45.0
2931,44.0
2932,43.0
2933,45.0
2934,48.0
2935,50.0
2936,52.0
2937,52.0
2938,50.0
2939,45.0
2940,42.0
2941,41.0
2942,42.0
2943,46.0
2944,49.0
2945,52.0
2946,52.0
2947,53.0
2948,50.0
2949,44.0
2950,47.0
2951,44.0
2952,44.0
2953,45.0
2954,46.0
2955,48.0
2956,60.0
2957,67.0
2958,66.0
2959,63.0
2960,61.0
2961,62.0
2962,59.0
2963,58.0
2964,57.0
2965,57.0
2966,57.0
2967,62.0
2968,65.0
2969,68.0
2970,68.0
2971,66.0
2972,64.0
2973,58.0
2974,52.0
2975,50.0
2976,47.0
2977,46.0
2978,46.0
2979,49.0
2980,56.0
2981,61.0
2982,62.0
2983,60.0
2984,58.0
2985,57.0
2986,55.0
2987,53.0
2988,53.0
2989,54.0
2990,52.0
2991,54.0
2992,55.0
2993,56.0
2994,58.0
2995,56.0
2996,53.0
2997,47.0
2998,48.0
2999,47.0
3000,47.0
3001,46.0
3002,48.0
3003,51.0
3004,59.0
3005,69.0
3006,69.0
3007,65.0
3008,60.0
3009,59.0
3010,55.0
3011,52.0
3012,49.0
3013,51.0
3014,51.0
3015,52.0
3016,59.0
3017,62.0
3018,64.0
3019,63.0
3020,58.0
3021,50.0
3022,47.0
3023,45.0
3024,41.0
3025,39.0
3026,41.0
3027,46.0
3028,56.0
3029,62.0
3030,59.0
3031,56.0
3032,54.0
3033,53.0
3034,52.0
3035,49.0
3036,50.0
3037,50.0
3038,53.0
3039,59.0
3040,68.0
3041,72.0
3042,71.0
3043,70.0
3044,68.0
3045,60.0
3046,55.0
3047,53.0
3048,51.0
3049,50.0
3050,52.0
3051,55.0
3052,62.0
3053,71.0
3054,69.0
3055,66.0
3056,61.0
3057,59.0
3058,58.0
3059,56.0
3060,55.0
3061,55.0
3062,55.0
3063,59.0
3064,63.0
3065,64.0
3066,66.0
3067,65.0
3068,61.0
3069,57.0
3070,52.0
3071,49.0
3072,46.0
3073,45.0
3074,44.0
3075,44.0
3076,45.0
3077,48.0
3078,49.0
3079,50.0
3080,48.0
3081,47.0
3082,42.0
3083,39.0
3084,35.0
3085,35.0
3086,36.0
3087,39.0
3088,46.0
3089,48.0
3090,50.0
3091,49.0
3092,49.0
3093,44.0
3094,35.0
3095,32.0
3096,31.0
3097,30.0
3098,29.0
3099,28.0
3100,26.0
3101,29.0
3102,33.0
3103,33.0
3104,32.0
3105,27.0
3106,19.0
3107,22.0
3108,13.0
3109,13.0
3110,17.0
3111,36.0
3112,46.0
3113,50.0
3114,58.0
3115,59.0
3116,58.0
3117,53.0
3118,52.0
3119,49.0
3120,48.0
3121,46.0
3122,47.0
3123,51.0
3124,61.0
3125,69.0
3126,68.0
3127,63.0
3128,62.0
3129,62.0
3130,60.0
3131,56.0
3132,56.0
3133,57.0
3134,56.0
3135,60.0
3136,67.0
3137,71.0
3138,70.0
3139,69.0
3140,65.0
3141,58.0
3142,51.0
3143,49.0
3144,47.0
3145,46.0
3146,48.0
3147,52.0
3148,60.0
3149,69.0
3150,70.0
3151,67.0
3152,64.0
3153,62.0
3154,58.0
3155,55.0
3156,54.0
3157,53.0
3158,54.0
3159,56.0
3160,58.0
3161,61.0
3162,59.0
3163,60.0
3164,56.0
3165,51.0
3166,48.0
3167,47.0
3168,45.0
3169,44.0
3170,44.0
3171,48.0
3172,52.0
3173,63.0
3174,65.0
3175,58.0
3176,55.0
3177,54.0
3178,49.0
3179,48.0
3180,46.0
3181,48.0
3182,52.0
3183,56.0
3184,59.0
3185,65.0
3186,65.0
3187,66.0
3188,64.0
3189,57.0
3190,50.0
3191,47.0
3192,46.0
3193,46.0
3194,45.0
3195,45.0
3196,44.0
3197,43.0
3198,45.0
3199,46.0
3200,45.0
3201,46.0
3202,46.0
3203,44.0
3204,43.0
3205,42.0
3206,43.0
3207,48.0
3208,53.0
3209,58.0
3210,60.0
3211,59.0
3212,58.0
3213,54.0
3214,48.0
3215,47.0
3216,45.0
3217,44.0
3218,45.0
3219,49.0
3220,54.0
3221,60.0
3222,63.0
3223,63.0
3224,62.0
3225,63.0
3226,61.0
3227,57.0
3228,57.0
3229,57.0
3230,56.0
3231,59.0
3232,61.0
3233,62.0
3234,64.0
3235,64.0
3236,63.0
3237,58.0
3238,55.0
3239,53.0
3240,51.0
3241,49.0
3242,48.0
3243,49.0
3244,50.0
3245,51.0
3246,52.0
3247,51.0
3248,49.0
3249,48.0
3250,47.0
3251,43.0
3252,42.0
3253,42.0
3254,42.0
3255,44.0
3256,50.0
3257,50.0
3258,51.0
3259,51.0
3260,50.0
3261,48.0
3262,40.0
3263,33.0
3264,32.0
3265,32.0
3266,34.0
3267,35.0
3268,37.0
3269,40.0
3270,37.0
3271,37.0
3272,35.0
3273,31.0
3274,31.0
3275,27.0
3276,20.0
3277,21.0
3278,27.0
3279,37.0
3280,45.0
3281,50.0
3282,55.0
3283,56.0
3284,57.0
3285,54.0
3286,52.0
3287,48.0
3288,47.0
3289,47.0
3290,49.0
3291,50.0
3292,61.0
3293,70.0
3294,71.0
3295,68.0
3296,63.0
3297,63.0
3298,59.0
3299,57.0
3300,55.0
3301,56.0
3302,56.0
3303,59.0
3304,65.0
3305,68.0
3306,68.0
3307,68.0
3308,65.0
3309,56.0
3310,50.0
3311,48.0
3312,46.0
3313,46.0
3314,47.0
3315,51.0
3316,58.0
3317,66.0
3318,70.0
3319,67.0
3320,62.0
3321,62.0
3322,60.0
3323,57.0
3324,54.0
3325,54.0
3326,54.0
3327,55.0
3328,58.0
3329,63.0
3330,62.0
3331,62.0
3332,63.0
3333,57.0
3334,57.0
3335,54.0
3336,51.0
3337,50.0
3338,51.0
3339,54.0
3340,62.0
3341,72.0
3342,76.0
3343,74.0
3344,72.0
3345,72.0
3346,68.0
3347,66.0
3348,63.0
3349,62.0
3350,61.0
3351,62.0
3352,66.0
3353,70.0
3354,69.0
3355,68.0
3356,66.0
3357,60.0
3358,57.0
3359,54.0
3360,52.0
3361,51.0
3362,51.0
3363,54.0
3364,61.0
3365,73.0
3366,76.0
3367,72.0
3368,69.0
3369,68.0
3370,65.0
3371,62.0
3372,59.0
3373,59.0
3374,58.0
3375,61.0
3376,63.0
3377,67.0
3378,66.0
3379,64.0
3380,65.0
3381,59.0
3382,56.0
3383,54.0
3384,53.0
3385,52.0
3386,52.0
3387,55.0
3388,62.0
3389,70.0
3390,74.0
3391,68.0
3392,66.0
3393,66.0
3394,62.0
3395,60.0
3396,58.0
3397,56.0
3398,56.0
3399,58.0
3400,63.0
3401,66.0
3402,65.0
3403,63.0
3404,63.0
3405,57.0
3406,56.0
3407,53.0
3408,51.0
3409,49.0
3410,49.0
3411,50.0
3412,50.0
3413,53.0
3414,56.0
3415,57.0
3416,57.0
3417,56.0
3418,55.0
3419,52.0
3420,51.0
3421,49.0
3422,48.0
3423,50.0
3424,55.0
3425,56.0
3426,57.0
3427,58.0
3428,58.0
3429,54.0
3430,50.0
3431,46.0
3432,44.0
3433,44.0
3434,42.0
3435,42.0
3436,41.0
3437,45.0
3438,43.0
3439,43.0
3440,45.0
3441,46.0
3442,43.0
3443,41.0
3444,37.0
3445,37.0
3446,39.0
3447,44.0
3448,50.0
3449,53.0
3450,56.0
3451,59.0
3452,59.0
3453,56.0
3454,51.0
3455,46.0
3456,46.0
3457,44.0
3458,43.0
3459,44.0
3460,45.0
3461,46.0
3462,46.0
3463,46.0
3464,48.0
3465,51.0
3466,48.0
3467,47.0
3468,45.0
3469,45.0
3470,45.0
3471,48.0
3472,51.0
3473,52.0
3474,58.0
3475,58.0
3476,57.0
3477,53.0
3478,49.0
3479,47.0
3480,47.0
3481,45.0
3482,46.0
3483,51.0
3484,60.0
3485,69.0
3486,68.0
3487,65.0
3488,66.0
3489,65.0
3490,63.0
3491,60.0
3492,57.0
3493,58.0
3494,56.0
3495,55.0
3496,57.0
3497,55.0
3498,59.0
3499,59.0
3500,58.0
3501,52.0
3502,54.0
3503,52.0
3504,50.0
3505,49.0
3506,49.0
3507,53.0
3508,58.0
3509,66.0
3510,69.0
3511,64.0
3512,63.0
3513,63.0
3514,62.0
3515,60.0
3516,59.0
3517,59.0
3518,59.0
3519,60.0
3520,64.0
3521,67.0
3522,66.0
3523,65.0
3524,63.0
3525,57.0
3526,56.0
3527,54.0
3528,52.0
3529,50.0
3530,50.0
3531,51.0
3532,56.0
3533,62.0
3534,62.0
3535,59.0
3536,58.0
3537,56.0
3538,55.0
3539,54.0
3540,54.0
3541,55.0
3542,55.0
3543,57.0
3544,61.0
3545,65.0
3546,65.0
3547,65.0
3548,65.0
3549,60.0
3550,55.0
3551,54.0
3552,53.0
3553,51.0
3554,53.0
3555,55.0
3556,59.0
3557,69.0
3558,71.0
3559,68.0
3560,64.0
3561,62.0
3562,60.0
3563,58.0
3564,57.0
3565,57.0
3566,57.0
3567,58.0
3568,60.0
3569,62.0
3570,60.0
3571,59.0
3572,59.0
3573,56.0
3574,50.0
3575,46.0
3576,43.0
3577,42.0
3578,41.0
3579,41.0
3580,43.0
3581,47.0
3582,48.0
3583,49.0
3584,47.0
3585,46.0
3586,44.0
3587,43.0
3588,41.0
3589,42.0
3590,42.0
3591,46.0
3592,50.0
3593,54.0
3594,54.0
3595,55.0
3596,56.0
3597,53.0
3598,50.0
3599,47.0
3600,46.0
3601,45.0
3602,42.0
3603,42.0
3604,42.0
3605,44.0
3606,43.0
3607,44.0
3608,44.0
3609,45.0
3610,42.0
3611,36.0
3612,36.0
3613,36.0
3614,37.0
3615,41.0
3616,47.0
3617,51.0
3618,51.0
3619,53.0
3620,54.0
3621,50.0
3622,49.0
3623,46.0
3624,46.0
3625,45.0
3626,46.0
3627,50.0
3628,59.0
3629,69.0
3630,67.0
3631,69.0
3632,67.0
3633,67.0
3634,63.0
3635,62.0
3636,63.0
3637,63.0
3638,63.0
3639,63.0
3640,66.0
3641,66.0
3642,67.0
3643,64.0
3644,63.0
3645,59.0
3646,55.0
3647,53.0
3648,51.0
3649,50.0
3650,50.0
3651,51.0
3652,54.0
3653,61.0
3654,63.0
3655,59.0
3656,57.0
3657,54.0
3658,51.0
3659,50.0
3660,48.0
3661,48.0
3662,47.0
3663,50.0
3664,52.0
3665,54.0
3666,54.0
3667,52.0
3668,50.0
3669,42.0
3670,38.0
3671,37.0
3672,37.0
3673,37.0
3674,40.0
3675,44.0
3676,54.0
3677,60.0
3678,61.0
3679,59.0
3680,57.0
3681,56.0
3682,54.0
3683,54.0
3684,53.0
3685,53.0
3686,56.0
3687,59.0
3688,63.0
3689,67.0
3690,66.0
3691,66.0
3692,65.0
3693,60.0
3694,57.0
3695,56.0
3696,53.0
3697,52.0
3698,51.0
3699,53.0
3700,55.0
3701,62.0
3702,59.0
3703,54.0
3704,54.0
3705,55.0
3706,53.0
3707,52.0
3708,51.0
3709,50.0
3710,51.0
3711,56.0
3712,61.0
3713,68.0
3714,69.0
3715,68.0
3716,64.0
3717,59.0
3718,56.0
3719,53.0
3720,51.0
3721,49.0
3722,51.0
3723,51.0
3724,57.0
3725,66.0
3726,65.0
3727,64.0
3728,59.0
3729,58.0
3730,56.0
3731,54.0
3732,53.0
3733,54.0
3734,55.0
3735,61.0
3736,64.0
3737,66.0
3738,65.0
3739,64.0
3740,64.0
3741,57.0
3742,52.0
3743,50.0
3744,49.0
3745,48.0
3746,49.0
3747,49.0
3748,50.0
3749,52.0
3750,55.0
3751,55.0
3752,54.0
3753,53.0
3754,50.0
3755,50.0
3756,48.0
3757,48.0
3758,48.0
3759,52.0
3760,55.0
3761,59.0
3762,62.0
3763,62.0
3764,61.0
3765,57.0
3766,50.0
3767,45.0
3768,44.0
3769,43.0
3770,42.0
3771,42.0
3772,42.0
3773,44.0
3774,44.0
3775,46.0
3776,46.0
3777,49.0
3778,48.0
3779,46.0
3780,44.0
3781,42.0
3782,43.0
3783,45.0
3784,51.0
3785,52.0
3786,53.0
3787,54.0
3788,57.0
3789,51.0
3790,53.0
3791,51.0
3792,50.0
3793,48.0
3794,49.0
3795,52.0
3796,58.0
3797,68.0
3798,72.0
3799,69.0
3800,69.0
3801,70.0
3802,67.0
3803,64.0
3804,62.0
3805,61.0
3806,60.0
3807,63.0
3808,64.0
3809,67.0
3810,62.0
3811,60.0
3812,60.0
3813,54.0
3814,52.0
3815,51.0
3816,49.0
3817,47.0
3818,48.0
3819,50.0
3820,57.0
3821,68.0
3822,73.0
3823,70.0
3824,69.0
3825,69.0
3826,66.0
3827,66.0
3828,63.0
3829,63.0
3830,62.0
3831,63.0
3832,65.0
3833,66.0
3834,64.0
3835,61.0
3836,61.0
3837,56.0
3838,55.0
3839,53.0
3840,51.0
3841,49.0
3842,49.0
3843,51.0
3844,62.0
3845,68.0
3846,71.0
3847,68.0
3848,65.0
3849,65.0
3850,62.0
3851,60.0
3852,59.0
3853,59.0
3854,60.0
3855,63.0
3856,66.0
3857,68.0
3858,67.0
3859,65.0
3860,62.0
3861,58.0
3862,56.0
3863,54.0
3864,52.0
3865,51.0
3866,52.0
3867,53.0
3868,61.0
3869,68.0
3870,70.0
3871,66.0
3872,64.0
3873,63.0
3874,60.0
3875,59.0
3876,59.0
3877,59.0
3878,60.0
3879,66.0
3880,70.0
3881,72.0
3882,70.0
3883,67.0
3884,65.0
3885,59.0
3886,56.0
3887,54.0
3888,53.0
3889,52.0
3890,53.0
3891,54.0
3892,61.0
3893,69.0
3894,72.0
3895,69.0
3896,65.0
3897,64.0
3898,61.0
3899,60.0
3900,59.0
3901,59.0
3902,60.0
3903,64.0
3904,66.0
3905,68.0
3906,67.0
3907,66.0
3908,63.0
3909,58.0
3910,55.0
3911,53.0
3912,51.0
3913,50.0
3914,50.0
3915,49.0
3916,50.0
3917,52.0
3918,55.0
3919,56.0
3920,56.0
3921,55.0
3922,53.0
3923,51.0
3924,49.0
3925,48.0
3926,49.0
3927,51.0
3928,54.0
3929,57.0
3930,57.0
3931,57.0
3932,57.0
3933,53.0
3934,47.0
3935,44.0
3936,42.0
3937,41.0
3938,41.0
3939,39.0
3940,37.0
3941,39.0
3942,41.0
3943,43.0
3944,44.0
3945,45.0
3946,43.0
3947,41.0
3948,41.0
3949,41.0
3950,41.0
3951,44.0
3952,51.0
3953,53.0
3954,53.0
3955,53.0
3956,53.0
3957,48.0
3958,50.0
3959,48.0
3960,46.0
3961,44.0
3962,44.0
3963,47.0
3964,58.0
3965,66.0
3966,69.0
3967,68.0
3968,67.0
3969,68.0
3970,64.0
3971,63.0
3972,60.0
3973,60.0
3974,59.0
3975,61.0
3976,64.0
3977,66.0
3978,65.0
3979,64.0
3980,63.0
3981,57.0
3982,55.0
3983,53.0
3984,53.0
3985,51.0
3986,51.0
3987,53.0
3988,61.0
3989,69.0
3990,73.0
3991,71.0
3992,71.0
3993,70.0
3994,67.0
3995,65.0
3996,64.0
3997,62.0
3998,60.0
3999,64.0
4000,67.0
4001,68.0
4002,68.0
4003,66.0
4004,65.0
4005,59.0
4006,57.0
4007,55.0
4008,55.0
4009,53.0
4010,52.0
4011,54.0
4012,62.0
4013,70.0
4014,71.0
4015,67.0
4016,65.0
4017,65.0
4018,60.0
4019,59.0
4020,58.0
4021,57.0
4022,58.0
4023,61.0
4024,64.0
4025,66.0
4026,66.0
4027,62.0
4028,61.0
4029,56.0
4030,53.0
4031,51.0
4032,50.0
4033,48.0
4034,48.0
4035,51.0
4036,58.0
4037,67.0
4038,72.0
4039,72.0
4040,71.0
4041,72.0
4042,69.0
4043,66.0
4044,63.0
4045,59.0
4046,57.0
4047,59.0
4048,60.0
4049,62.0
4050,62.0
4051,60.0
4052,60.0
4053,54.0
4054,55.0
4055,53.0
4056,51.0
4057,50.0
4058,50.0
4059,53.0
4060,59.0
4061,66.0
4062,69.0
4063,67.0
4064,64.0
4065,64.0
4066,60.0
4067,59.0
4068,58.0
4069,57.0
4070,57.0
4071,60.0
4072,62.0
4073,63.0
4074,62.0
4075,62.0
4076,63.0
4077,57.0
4078,55.0
4079,54.0
4080,51.0
4081,50.0
4082,50.0
4083,50.0
4084,52.0
4085,53.0
4086,56.0
4087,58.0
4088,58.0
4089,57.0
4090,56.0
4091,54.0
4092,51.0
4093,50.0
4094,50.0
4095,52.0
4096,57.0
4097,59.0
4098,61.0
4099,60.0
4100,62.0
4101,57.0
4102,51.0
4103,47.0
4104,47.0
4105,47.0
4106,46.0
4107,44.0
4108,45.0
4109,46.0
4110,47.0
4111,49.0
4112,50.0
4113,52.0
4114,49.0
4115,48.0
4116,47.0
4117,46.0
4118,47.0
4119,50.0
4120,56.0
4121,59.0
4122,61.0
4123,60.0
4124,61.0
4125,57.0
4126,55.0
4127,53.0
4128,52.0
4129,51.0
4130,50.0
4131,53.0
4132,62.0
4133,70.0
4134,72.0
4135,70.0
4136,68.0
4137,68.0
4138,65.0
4139,65.0
4140,64.0
4141,63.0
4142,63.0
4143,65.0
4144,69.0
4145,71.0
4146,69.0
4147,66.0
4148,66.0
4149,60.0
4150,57.0
4151,55.0
4152,54.0
4153,53.0
4154,53.0
4155,54.0
4156,62.0
4157,69.0
4158,73.0
4159,72.0
4160,69.0
4161,69.0
4162,64.0
4163,64.0
4164,61.0
4165,60.0
4166,57.0
4167,58.0
4168,60.0
4169,63.0
4170,64.0
4171,62.0
4172,60.0
4173,54.0
4174,53.0
4175,52.0
4176,50.0
4177,49.0
4178,49.0
4179,51.0
4180,58.0
4181,64.0
4182,66.0
4183,64.0
4184,63.0
4185,63.0
4186,59.0
4187,59.0
4188,58.0
4189,58.0
4190,58.0
4191,60.0
4192,66.0
4193,70.0
4194,70.0
4195,68.0
4196,66.0
4197,61.0
4198,57.0
4199,56.0
4200,55.0
4201,54.0
4202,54.0
4203,55.0
4204,63.0
4205,71.0
4206,72.0
4207,71.0
4208,69.0
4209,68.0
4210,65.0
4211,64.0
4212,63.0
4213,63.0
4214,63.0
4215,66.0
4216,70.0
4217,71.0
4218,72.0
4219,70.0
4220,69.0
4221,63.0
4222,60.0
4223,58.0
4224,57.0
4225,56.0
4226,56.0
4227,58.0
4228,63.0
4229,72.0
4230,73.0
4231,71.0
4232,70.0
4233,68.0
4234,63.0
4235,64.0
4236,61.0
4237,63.0
4238,63.0
4239,65.0
4240,68.0
4241,68.0
4242,67.0
4243,65.0
4244,64.0
4245,59.0
4246,60.0
4247,57.0
4248,55.0
4249,54.0
4250,54.0
4251,53.0
4252,55.0
4253,56.0
4254,60.0
4255,61.0
4256,60.0
4257,60.0
4258,57.0
4259,55.0
4260,52.0
4261,51.0
4262,51.0
4263,53.0
4264,57.0
4265,59.0
4266,60.0
4267,59.0
4268,60.0
4269,56.0
4270,51.0
4271,47.0
4272,46.0
4273,44.0
4274,44.0
4275,42.0
4276,42.0
4277,45.0
4278,47.0
4279,48.0
4280,47.0
4281,48.0
4282,47.0
4283,45.0
4284,44.0
4285,43.0
4286,44.0
4287,52.0
4288,57.0
4289,61.0
4290,64.0
4291,64.0
4292,65.0
4293,60.0
4294,58.0
4295,56.0
4296,53.0
4297,52.0
4298,53.0
4299,55.0
4300,64.0
4301,72.0
4302,73.0
4303,72.0
4304,71.0
4305,69.0
4306,68.0
4307,67.0
4308,63.0
4309,64.0
4310,64.0
4311,67.0
4312,71.0
4313,73.0
4314,73.0
4315,70.0
4316,68.0
4317,63.0
4318,60.0
4319,59.0
4320,57.0
4321,56.0
4322,56.0
4323,58.0
4324,65.0
4325,73.0
4326,73.0
4327,70.0
4328,66.0
4329,65.0
4330,62.0
4331,61.0
4332,60.0
4333,61.0
4334,63.0
4335,68.0
4336,70.0
4337,72.0
4338,72.0
4339,69.0
4340,68.0
4341,62.0
4342,57.0
4343,56.0
4344,56.0
4345,55.0
4346,55.0
4347,57.0
4348,64.0
4349,70.0
4350,71.0
4351,66.0
4352,63.0
4353,62.0
4354,60.0
4355,58.0
4356,58.0
4357,59.0
4358,60.0
4359,65.0
4360,68.0
4361,70.0
4362,67.0
4363,65.0
4364,62.0
4365,57.0
4366,56.0
4367,54.0
4368,53.0
4369,52.0
4370,53.0
4371,55.0
4372,62.0
4373,69.0
4374,70.0
4375,66.0
4376,63.0
4377,61.0
4378,58.0
4379,57.0
4380,57.0
4381,58.0
4382,59.0
4383,66.0
4384,69.0
4385,73.0
4386,73.0
4387,70.0
4388,66.0
4389,59.0
4390,58.0
4391,57.0
4392,56.0
4393,56.0
4394,57.0
4395,60.0
4396,69.0
4397,80.0
4398,83.0
4399,76.0
4400,73.0
4401,71.0
4402,66.0
4403,64.0
4404,63.0
4405,65.0
4406,68.0
4407,74.0
4408,82.0
4409,84.0
4410,78.0
4411,76.0
4412,74.0
4413,67.0
4414,69.0
4415,65.0
4416,62.0
4417,60.0
4418,61.0
4419,61.0
4420,64.0
4421,67.0
4422,69.0
4423,70.0
4424,66.0
4425,64.0
4426,63.0
4427,61.0
4428,61.0
4429,61.0
4430,65.0
4431,70.0
4432,74.0
4433,77.0
4434,76.0
4435,76.0
4436,77.0
4437,70.0
4438,61.0
4439,58.0
4440,57.0
4441,55.0
4442,55.0
4443,55.0
4444,55.0
4445,56.0
4446,57.0
4447,58.0
4448,57.0
4449,59.0
4450,57.0
4451,56.0
4452,56.0
4453,56.0
4454,56.0
4455,59.0
4456,65.0
4457,67.0
4458,70.0
4459,71.0
4460,69.0
4461,65.0
4462,60.0
4463,58.0
4464,58.0
4465,57.0
4466,58.0
4467,61.0
4468,73.0
4469,80.0
4470,81.0
4471,80.0
4472,77.0
4473,74.0
4474,71.0
4475,66.0
4476,65.0
4477,68.0
4478,76.0
4479,83.0
4480,86.0
4481,86.0
4482,87.0
4483,85.0
4484,84.0
4485,76.0
4486,64.0
4487,62.0
4488,61.0
4489,60.0
4490,60.0
4491,62.0
4492,73.0
4493,84.0
4494,86.0
4495,82.0
4496,76.0
4497,74.0
4498,70.0
4499,67.0
4500,68.0
4501,70.0
4502,73.0
4503,81.0
4504,81.0
4505,84.0
4506,80.0
4507,74.0
4508,72.0
4509,65.0
4510,59.0
4511,56.0
4512,56.0
4513,54.0
4514,54.0
4515,57.0
4516,62.0
4517,69.0
4518,69.0
4519,65.0
4520,62.0
4521,58.0
4522,55.0
4523,52.0
4524,50.0
4525,50.0
4526,51.0
4527,55.0
4528,59.0
4529,61.0
4530,61.0
4531,60.0
4532,60.0
4533,53.0
4534,51.0
4535,49.0
4536,49.0
4537,47.0
4538,48.0
4539,50.0
4540,59.0
4541,65.0
4542,65.0
4543,61.0
4544,59.0
4545,57.0
4546,51.0
4547,48.0
4548,45.0
4549,46.0
4550,46.0
4551,53.0
4552,55.0
4553,62.0
4554,64.0
4555,64.0
4556,62.0
4557,56.0
4558,56.0
4559,55.0
4560,55.0
4561,52.0
4562,53.0
4563,55.0
4564,62.0
4565,66.0
4566,66.0
4567,62.0
4568,60.0
4569,60.0
4570,56.0
4571,55.0
4572,54.0
4573,55.0
4574,57.0
4575,67.0
4576,70.0
4577,73.0
4578,76.0
4579,75.0
4580,74.0
4581,68.0
4582,62.0
4583,60.0
4584,57.0
4585,57.0
4586,57.0
4587,56.0
4588,58.0
4589,61.0
4590,62.0
4591,64.0
4592,60.0
4593,58.0
4594,56.0
4595,54.0
4596,55.0
4597,55.0
4598,56.0
4599,62.0
4600,67.0
4601,69.0
4602,68.0
4603,66.0
4604,66.0
4605,62.0
4606,58.0
4607,56.0
4608,55.0
4609,54.0
4610,52.0
4611,49.0
4612,48.0
4613,50.0
4614,52.0
4615,52.0
4616,51.0
4617,54.0
4618,49.0
4619,48.0
4620,46.0
4621,47.0
4622,47.0
4623,52.0
4624,55.0
4625,58.0
4626,59.0
4627,60.0
4628,62.0
4629,58.0
4630,56.0
4631,53.0
4632,52.0
4633,50.0
4634,51.0
4635,54.0
4636,61.0
4637,73.0
4638,78.0
4639,77.0
4640,75.0
4641,74.0
4642,70.0
4643,68.0
4644,67.0
4645,66.0
4646,64.0
4647,68.0
4648,73.0
4649,74.0
4650,72.0
4651,70.0
4652,67.0
4653,60.0
4654,59.0
4655,56.0
4656,55.0
4657,54.0
4658,54.0
4659,57.0
4660,66.0
4661,77.0
4662,78.0
4663,77.0
4664,77.0
4665,78.0
4666,74.0
4667,72.0
4668,69.0
4669,67.0
4670,67.0
4671,69.0
4672,74.0
4673,76.0
4674,75.0
4675,72.0
4676,71.0
4677,62.0
4678,64.0
4679,60.0
4680,59.0
4681,58.0
4682,58.0
4683,60.0
4684,68.0
4685,82.0
4686,85.0
4687,84.0
4688,80.0
4689,79.0
4690,77.0
4691,74.0
4692,71.0
4693,72.0
4694,72.0
4695,77.0
4696,80.0
4697,84.0
4698,85.0
4699,83.0
4700,83.0
4701,71.0
4702,75.0
4703,67.0
4704,65.0
4705,61.0
4706,62.0
4707,66.0
4708,75.0
4709,87.0
4710,86.0
4711,85.0
4712,84.0
4713,85.0
4714,79.0
4715,74.0
4716,73.0
4717,73.0
4718,74.0
4719,78.0
4720,82.0
4721,86.0
4722,84.0
4723,82.0
4724,82.0
4725,71.0
4726,66.0
4727,62.0
4728,59.0
4729,59.0
4730,58.0
4731,61.0
4732,67.0
4733,76.0
4734,76.0
4735,75.0
4736,72.0
4737,70.0
4738,65.0
4739,61.0
4740,57.0
4741,57.0
4742,61.0
4743,68.0
4744,74.0
4745,77.0
4746,75.0
4747,75.0
4748,74.0
4749,65.0
4750,66.0
4751,63.0
4752,61.0
4753,59.0
4754,58.0
4755,58.0
4756,60.0
4757,63.0
4758,65.0
4759,66.0
4760,64.0
4761,65.0
4762,64.0
4763,61.0
4764,59.0
4765,59.0
4766,59.0
4767,62.0
4768,67.0
4769,69.0
4770,70.0
4771,70.0
4772,71.0
4773,66.0
4774,62.0
4775,59.0
4776,57.0
4777,56.0
4778,55.0
4779,54.0
4780,52.0
4781,51.0
4782,53.0
4783,54.0
4784,54.0
4785,56.0
4786,56.0
4787,54.0
4788,51.0
4789,52.0
4790,53.0
4791,56.0
4792,59.0
4793,63.0
4794,66.0
4795,66.0
4796,66.0
4797,63.0
4798,59.0
4799,56.0
4800,55.0
4801,55.0
4802,54.0
4803,59.0
4804,64.0
4805,76.0
4806,78.0
4807,76.0
4808,76.0
4809,78.0
4810,74.0
4811,72.0
4812,70.0
4813,69.0
4814,70.0
4815,72.0
4816,75.0
4817,78.0
4818,78.0
4819,75.0
4820,76.0
4821,68.0
4822,66.0
4823,63.0
4824,61.0
4825,59.0
4826,59.0
4827,59.0
4828,66.0
4829,76.0
4830,77.0
4831,77.0
4832,77.0
4833,77.0
4834,74.0
4835,72.0
4836,70.0
4837,71.0
4838,73.0
4839,76.0
4840,79.0
4841,82.0
4842,79.0
4843,78.0
4844,76.0
4845,71.0
4846,71.0
4847,66.0
4848,63.0
4849,60.0
4850,60.0
4851,64.0
4852,73.0
4853,82.0
4854,87.0
4855,87.0
4856,85.0
4857,84.0
4858,81.0
4859,76.0
4860,75.0
4861,77.0
4862,80.0
4863,83.0
4864,90.0
4865,92.0
4866,85.0
4867,81.0
4868,81.0
4869,73.0
4870,64.0
4871,62.0
4872,61.0
4873,59.0
4874,60.0
4875,62.0
4876,71.0
4877,81.0
4878,84.0
4879,83.0
4880,84.0
4881,84.0
4882,81.0
4883,79.0
4884,78.0
4885,79.0
4886,80.0
4887,81.0
4888,82.0
4889,83.0
4890,81.0
4891,78.0
4892,77.0
4893,71.0
4894,66.0
4895,65.0
4896,63.0
4897,62.0
4898,62.0
4899,65.0
4900,70.0
4901,80.0
4902,80.0
4903,80.0
4904,79.0
4905,80.0
4906,78.0
4907,76.0
4908,75.0
4909,75.0
4910,76.0
4911,77.0
4912,76.0
4913,77.0
4914,75.0
4915,73.0
4916,71.0
4917,65.0
4918,58.0
4919,54.0
4920,52.0
4921,51.0
4922,50.0
4923,50.0
4924,52.0
4925,55.0
4926,55.0
4927,57.0
4928,56.0
4929,54.0
4930,50.0
4931,43.0
4932,40.0
4933,39.0
4934,38.0
4935,40.0
4936,43.0
4937,45.0
4938,46.0
4939,44.0
4940,44.0
4941,39.0
4942,30.0
4943,33.0
4944,29.0
4945,28.0
4946,27.0
4947,28.0
4948,29.0
4949,38.0
4950,42.0
4951,43.0
4952,43.0
4953,43.0
4954,43.0
4955,41.0
4956,42.0
4957,43.0
4958,46.0
4959,55.0
4960,62.0
4961,65.0
4962,64.0
4963,65.0
4964,67.0
4965,61.0
4966,58.0
4967,54.0
4968,53.0
4969,49.0
4970,49.0
4971,51.0
4972,59.0
4973,61.0
4974,64.0
4975,67.0
4976,66.0
4977,64.0
4978,62.0
4979,60.0
4980,58.0
4981,58.0
4982,57.0
4983,59.0
4984,61.0
4985,62.0
4986,60.0
4987,60.0
4988,59.0
4989,55.0
4990,49.0
4991,46.0
4992,44.0
4993,42.0
4994,43.0
4995,46.0
4996,54.0
4997,59.0
4998,63.0
4999,60.0
5000,57.0
5001,56.0
5002,55.0
5003,52.0
5004,48.0
5005,48.0
5006,48.0
5007,55.0
5008,61.0
5009,65.0
5010,63.0
5011,63.0
5012,62.0
5013,58.0
5014,50.0
5015,48.0
5016,47.0
5017,45.0
5018,46.0
5019,49.0
5020,57.0
5021,64.0
5022,66.0
5023,64.0
5024,62.0
5025,62.0
5026,58.0
5027,56.0
5028,54.0
5029,53.0
5030,52.0
5031,55.0
5032,58.0
5033,60.0
5034,57.0
5035,56.0
5036,55.0
5037,48.0
5038,44.0
5039,43.0
5040,41.0
5041,40.0
5042,40.0
5043,45.0
5044,52.0
5045,58.0
5046,59.0
5047,57.0
5048,55.0
5049,55.0
5050,54.0
5051,53.0
5052,54.0
5053,53.0
5054,59.0
5055,61.0
5056,64.0
5057,67.0
5058,67.0
5059,67.0
5060,65.0
5061,59.0
5062,54.0
5063,52.0
5064,50.0
5065,48.0
5066,49.0
5067,53.0
5068,61.0
5069,67.0
5070,69.0
5071,67.0
5072,63.0
5073,62.0
5074,61.0
5075,59.0
5076,58.0
5077,59.0
5078,60.0
5079,64.0
5080,69.0
5081,72.0
5082,71.0
5083,69.0
5084,69.0
5085,64.0
5086,56.0
5087,54.0
5088,52.0
5089,50.0
5090,50.0
5091,49.0
5092,51.0
5093,54.0
5094,57.0
5095,57.0
5096,54.0
5097,53.0
5098,54.0
5099,51.0
5100,50.0
5101,50.0
5102,53.0
5103,57.0
5104,60.0
5105,61.0
5106,62.0
5107,61.0
5108,59.0
5109,55.0
5110,54.0
5111,51.0
5112,50.0
5113,49.0
5114,48.0
5115,47.0
5116,48.0
5117,48.0
5118,48.0
5119,48.0
5120,48.0
5121,49.0
5122,47.0
5123,44.0
5124,42.0
5125,42.0
5126,44.0
5127,49.0
5128,56.0
5129,59.0
5130,61.0
5131,61.0
5132,61.0
5133,56.0
5134,54.0
5135,51.0
5136,49.0
5137,48.0
5138,48.0
5139,52.0
5140,65.0
5141,73.0
5142,73.0
5143,70.0
5144,67.0
5145,66.0
5146,63.0
5147,61.0
5148,59.0
5149,60.0
5150,64.0
5151,69.0
5152,71.0
5153,74.0
5154,75.0
5155,74.0
5156,69.0
5157,61.0
5158,55.0
5159,52.0
5160,49.0
5161,48.0
5162,48.0
5163,53.0
5164,59.0
5165,67.0
5166,70.0
5167,68.0
5168,66.0
5169,65.0
5170,62.0
5171,60.0
5172,59.0
5173,61.0
5174,63.0
5175,67.0
5176,69.0
5177,69.0
5178,66.0
5179,66.0
5180,64.0
5181,57.0
5182,55.0
5183,53.0
5184,53.0
5185,51.0
5186,52.0
5187,55.0
5188,62.0
5189,69.0
5190,68.0
5191,66.0
5192,64.0
5193,66.0
5194,62.0
5195,59.0
5196,58.0
5197,60.0
5198,63.0
5199,67.0
5200,69.0
5201,71.0
5202,72.0
5203,72.0
5204,69.0
5205,62.0
5206,57.0
5207,54.0
5208,53.0
5209,52.0
5210,51.0
5211,54.0
5212,61.0
5213,67.0
5214,69.0
5215,67.0
5216,65.0
5217,64.0
5218,60.0
5219,58.0
5220,57.0
5221,58.0
5222,60.0
5223,66.0
5224,71.0
5225,73.0
5226,72.0
5227,72.0
5228,70.0
5229,61.0
5230,60.0
5231,58.0
5232,55.0
5233,54.0
5234,54.0
5235,57.0
5236,63.0
5237,70.0
5238,73.0
5239,70.0
5240,70.0
5241,65.0
5242,62.0
5243,59.0
5244,58.0
5245,59.0
5246,61.0
5247,66.0
5248,69.0
5249,71.0
5250,69.0
5251,66.0
5252,65.0
5253,60.0
5254,56.0
5255,54.0
5256,54.0
5257,52.0
5258,51.0
5259,52.0
5260,52.0
5261,54.0
5262,55.0
5263,55.0
5264,53.0
5265,52.0
5266,51.0
5267,49.0
5268,47.0
5269,47.0
5270,48.0
5271,53.0
5272,57.0
5273,58.0
5274,59.0
5275,59.0
5276,59.0
5277,56.0
5278,50.0
5279,48.0
5280,46.0
5281,44.0
5282,44.0
5283,44.0
5284,43.0
5285,45.0
5286,47.0
5287,48.0
5288,48.0
5289,49.0
5290,46.0
5291,45.0
5292,44.0
5293,44.0
5294,45.0
5295,48.0
5296,54.0
5297,58.0
5298,59.0
5299,60.0
5300,60.0
5301,55.0
5302,53.0
5303,51.0
5304,49.0
5305,48.0
5306,48.0
5307,52.0
5308,59.0
5309,66.0
5310,68.0
5311,68.0
5312,67.0
5313,66.0
5314,63.0
5315,60.0
5316,60.0
5317,59.0
5318,61.0
5319,66.0
5320,68.0
5321,69.0
5322,69.0
5323,69.0
5324,68.0
5325,59.0
5326,58.0
5327,57.0
5328,56.0
5329,54.0
5330,53.0
5331,55.0
5332,63.0
5333,70.0
5334,73.0
5335,72.0
5336,70.0
5337,69.0
5338,66.0
5339,64.0
5340,62.0
5341,62.0
5342,63.0
5343,68.0
5344,70.0
5345,70.0
5346,68.0
5347,67.0
5348,64.0
5349,59.0
5350,59.0
5351,58.0
5352,57.0
5353,55.0
5354,55.0
5355,58.0
5356,64.0
5357,72.0
5358,73.0
5359,73.0
5360,72.0
5361,73.0
5362,69.0
5363,67.0
5364,65.0
5365,66.0
5366,67.0
5367,72.0
5368,73.0
5369,74.0
5370,72.0
5371,70.0
5372,68.0
5373,60.0
5374,57.0
5375,56.0
5376,55.0
5377,55.0
5378,54.0
5379,56.0
5380,63.0
5381,69.0
5382,69.0
5383,66.0
5384,65.0
5385,64.0
5386,61.0
5387,60.0
5388,59.0
5389,60.0
5390,61.0
5391,66.0
5392,68.0
5393,70.0
5394,66.0
5395,65.0
5396,62.0
5397,54.0
5398,53.0
5399,51.0
5400,49.0
5401,47.0
5402,47.0
5403,51.0
5404,57.0
5405,65.0
5406,65.0
5407,64.0
5408,63.0
5409,62.0
5410,59.0
5411,57.0
5412,57.0
5413,58.0
5414,59.0
5415,67.0
5416,68.0
5417,69.0
5418,69.0
5419,66.0
5420,64.0
5421,59.0
5422,57.0
5423,54.0
5424,52.0
5425,52.0
5426,52.0
5427,53.0
5428,53.0
5429,54.0
5430,57.0
5431,58.0
5432,58.0
5433,58.0
5434,58.0
5435,56.0
5436,55.0
5437,55.0
5438,56.0
5439,58.0
5440,61.0
5441,61.0
5442,62.0
5443,61.0
5444,60.0
5445,56.0
5446,55.0
5447,51.0
5448,49.0
5449,48.0
5450,47.0
5451,47.0
5452,46.0
5453,48.0
5454,51.0
5455,54.0
5456,57.0
5457,58.0
5458,57.0
5459,55.0
5460,53.0
5461,52.0
5462,52.0
5463,53.0
5464,57.0
5465,59.0
5466,59.0
5467,59.0
5468,60.0
5469,55.0
5470,55.0
5471,52.0
5472,50.0
5473,49.0
5474,49.0
5475,54.0
5476,60.0
5477,68.0
5478,73.0
5479,73.0
5480,74.0
5481,77.0
5482,75.0
5483,72.0
5484,70.0
5485,69.0
5486,68.0
5487,71.0
5488,70.0
5489,71.0
5490,70.0
5491,68.0
5492,66.0
5493,60.0
5494,57.0
5495,56.0
5496,55.0
5497,54.0
5498,54.0
5499,57.0
5500,63.0
5501,72.0
5502,74.0
5503,75.0
5504,75.0
5505,75.0
5506,73.0
5507,73.0
5508,71.0
5509,71.0
5510,72.0
5511,73.0
5512,76.0
5513,76.0
5514,76.0
5515,75.0
5516,72.0
5517,64.0
5518,60.0
5519,58.0
5520,57.0
5521,56.0
5522,56.0
5523,59.0
5524,67.0
5525,73.0
5526,74.0
5527,74.0
5528,73.0
5529,73.0
5530,71.0
5531,70.0
5532,68.0
5533,69.0
5534,70.0
5535,72.0
5536,74.0
5537,74.0
5538,74.0
5539,73.0
5540,70.0
5541,63.0
5542,58.0
5543,56.0
5544,55.0
5545,54.0
5546,54.0
5547,57.0
5548,63.0
5549,70.0
5550,72.0
5551,72.0
5552,71.0
5553,71.0
5554,70.0
5555,69.0
5556,68.0
5557,68.0
5558,68.0
5559,70.0
5560,71.0
5561,73.0
5562,73.0
5563,74.0
5564,70.0
5565,62.0
5566,58.0
5567,56.0
5568,54.0
5569,54.0
5570,52.0
5571,55.0
5572,62.0
5573,68.0
5574,68.0
5575,67.0
5576,65.0
5577,63.0
5578,61.0
5579,58.0
5580,58.0
5581,59.0
5582,60.0
5583,65.0
5584,68.0
5585,69.0
5586,68.0
5587,66.0
5588,63.0
5589,57.0
5590,58.0
5591,55.0
5592,55.0
5593,54.0
5594,53.0
5595,53.0
5596,56.0
5597,56.0
5598,57.0
5599,57.0
5600,55.0
5601,54.0
5602,51.0
5603,49.0
5604,48.0
5605,48.0
5606,51.0
5607,56.0
5608,61.0
5609,62.0
5610,61.0
5611,60.0
5612,58.0
5613,54.0
5614,49.0
5615,46.0
5616,44.0
5617,44.0
5618,43.0
5619,43.0
5620,44.0
5621,44.0
5622,42.0
5623,42.0
5624,38.0
5625,38.0
5626,34.0
5627,30.0
5628,30.0
5629,30.0
5630,34.0
5631,42.0
5632,49.0
5633,54.0
5634,56.0
5635,55.0
5636,54.0
5637,50.0
5638,47.0
5639,44.0
5640,42.0
5641,42.0
5642,43.0
5643,48.0
5644,58.0
5645,66.0
5646,65.0
5647,66.0
5648,65.0
5649,64.0
5650,61.0
5651,61.0
5652,60.0
5653,60.0
5654,60.0
5655,62.0
5656,64.0
5657,66.0
5658,65.0
5659,64.0
5660,61.0
5661,56.0
5662,47.0
5663,44.0
5664,43.0
5665,43.0
5666,43.0
5667,46.0
5668,54.0
5669,60.0
5670,60.0
5671,57.0
5672,53.0
5673,52.0
5674,48.0
5675,47.0
5676,46.0
5677,47.0
5678,51.0
5679,57.0
5680,67.0
5681,68.0
5682,69.0
5683,66.0
5684,61.0
5685,55.0
5686,51.0
5687,48.0
5688,46.0
5689,45.0
5690,45.0
5691,49.0
5692,59.0
5693,67.0
5694,69.0
5695,66.0
5696,63.0
5697,60.0
5698,58.0
5699,56.0
5700,56.0
5701,56.0
5702,58.0
5703,63.0
5704,69.0
5705,70.0
5706,70.0
5707,66.0
5708,60.0
5709,53.0
5710,48.0
5711,46.0
5712,45.0
5713,45.0
5714,46.0
5715,51.0
5716,58.0
5717,66.0
5718,66.0
5719,66.0
5720,65.0
5721,63.0
5722,61.0
5723,60.0
5724,61.0
5725,61.0
5726,63.0
5727,68.0
5728,71.0
5729,72.0
5730,71.0
5731,69.0
5732,65.0
5733,60.0
5734,57.0
5735,56.0
5736,55.0
5737,54.0
5738,54.0
5739,57.0
5740,67.0
5741,72.0
5742,74.0
5743,75.0
5744,74.0
5745,73.0
5746,70.0
5747,67.0
5748,65.0
5749,65.0
5750,66.0
5751,70.0
5752,70.0
5753,71.0
5754,71.0
5755,69.0
5756,67.0
5757,62.0
5758,62.0
5759,59.0
5760,58.0
5761,55.0
5762,55.0
5763,56.0
5764,59.0
5765,61.0
5766,62.0
5767,61.0
5768,58.0
5769,56.0
5770,54.0
5771,53.0
5772,52.0
5773,54.0
5774,55.0
5775,61.0
5776,68.0
5777,70.0
5778,70.0
5779,68.0
5780,64.0
5781,60.0
5782,55.0
5783,53.0
5784,52.0
5785,51.0
5786,50.0
5787,50.0
5788,49.0
5789,50.0
5790,49.0
5791,51.0
5792,52.0
5793,52.0
5794,50.0
5795,47.0
5796,47.0
5797,47.0
5798,49.0
5799,54.0
5800,60.0
5801,65.0
5802,68.0
5803,67.0
5804,65.0
5805,61.0
5806,56.0
5807,55.0
5808,54.0
5809,54.0
5810,55.0
5811,57.0
5812,66.0
5813,72.0
5814,75.0
5815,74.0
5816,75.0
5817,73.0
5818,71.0
5819,68.0
5820,66.0
5821,65.0
5822,69.0
5823,72.0
5824,76.0
5825,75.0
5826,71.0
5827,70.0
5828,66.0
5829,61.0
5830,56.0
5831,55.0
5832,53.0
5833,52.0
5834,52.0
5835,55.0
5836,64.0
5837,70.0
5838,73.0
5839,72.0
5840,71.0
5841,70.0
5842,66.0
5843,63.0
5844,63.0
5845,63.0
5846,64.0
5847,66.0
5848,68.0
5849,69.0
5850,67.0
5851,64.0
5852,59.0
5853,54.0
5854,55.0
5855,54.0
5856,52.0
5857,52.0
5858,53.0
5859,56.0
5860,66.0
5861,72.0
5862,70.0
5863,69.0
5864,67.0
5865,66.0
5866,63.0
5867,61.0
5868,60.0
5869,62.0
5870,66.0
5871,71.0
5872,75.0
5873,77.0
5874,77.0
5875,74.0
5876,69.0
5877,63.0
5878,59.0
5879,58.0
5880,57.0
5881,55.0
5882,56.0
5883,59.0
5884,68.0
5885,75.0
5886,77.0
5887,77.0
5888,74.0
5889,75.0
5890,70.0
5891,68.0
5892,67.0
5893,68.0
5894,69.0
5895,73.0
5896,76.0
5897,79.0
5898,78.0
5899,73.0
5900,68.0
5901,61.0
5902,58.0
5903,57.0
5904,56.0
5905,55.0
5906,54.0
5907,57.0
5908,66.0
5909,72.0
5910,73.0
5911,71.0
5912,68.0
5913,65.0
5914,60.0
5915,57.0
5916,57.0
5917,57.0
5918,58.0
5919,62.0
5920,66.0
5921,69.0
5922,68.0
5923,63.0
5924,59.0
5925,54.0
5926,52.0
5927,49.0
5928,47.0
5929,46.0
5930,45.0
5931,46.0
5932,48.0
5933,51.0
5934,54.0
5935,55.0
5936,53.0
5937,49.0
5938,46.0
5939,43.0
5940,40.0
5941,40.0
5942,40.0
5943,47.0
5944,54.0
5945,58.0
5946,58.0
5947,53.0
5948,46.0
5949,41.0
5950,40.0
5951,35.0
5952,32.0
5953,32.0
5954,32.0
5955,32.0
5956,32.0
5957,34.0
5958,34.0
5959,34.0
5960,33.0
5961,36.0
5962,32.0
5963,29.0
5964,29.0
5965,29.0
5966,32.0
5967,39.0
5968,46.0
5969,51.0
5970,60.0
5971,60.0
5972,58.0
5973,51.0
5974,47.0
5975,45.0
5976,44.0
5977,43.0
5978,44.0
5979,49.0
5980,64.0
5981,71.0
5982,76.0
5983,74.0
5984,73.0
5985,73.0
5986,70.0
5987,68.0
5988,67.0
5989,67.0
5990,67.0
5991,69.0
5992,72.0
5993,75.0
5994,72.0
5995,68.0
5996,64.0
5997,59.0
5998,57.0
5999,57.0
6000,55.0
6001,54.0
6002,55.0
6003,58.0
6004,67.0
6005,74.0
6006,76.0
6007,75.0
6008,73.0
6009,71.0
6010,68.0
6011,66.0
6012,64.0
6013,64.0
6014,66.0
6015,70.0
6016,72.0
6017,76.0
6018,75.0
6019,71.0
6020,67.0
6021,59.0
6022,57.0
6023,56.0
6024,55.0
6025,53.0
6026,53.0
6027,57.0
6028,68.0
6029,74.0
6030,75.0
6031,70.0
6032,66.0
6033,63.0
6034,62.0
6035,61.0
6036,61.0
6037,61.0
6038,62.0
6039,67.0
6040,71.0
6041,75.0
6042,73.0
6043,67.0
6044,58.0
6045,54.0
6046,55.0
6047,54.0
6048,54.0
6049,53.0
6050,53.0
6051,56.0
6052,67.0
6053,72.0
6054,73.0
6055,69.0
6056,64.0
6057,60.0
6058,58.0
6059,56.0
6060,56.0
6061,57.0
6062,57.0
6063,63.0
6064,67.0
6065,70.0
6066,70.0
6067,64.0
6068,57.0
6069,53.0
6070,53.0
6071,52.0
6072,52.0
6073,52.0
6074,52.0
6075,55.0
6076,64.0
6077,70.0
6078,71.0
6079,68.0
6080,63.0
6081,59.0
6082,56.0
6083,55.0
6084,55.0
6085,55.0
6086,57.0
6087,62.0
6088,67.0
6089,70.0
6090,71.0
6091,62.0
6092,59.0
6093,55.0
6094,58.0
6095,56.0
6096,55.0
6097,55.0
6098,54.0
6099,55.0
6100,58.0
6101,60.0
6102,62.0
6103,62.0
6104,58.0
6105,55.0
6106,53.0
6107,52.0
6108,51.0
6109,52.0
6110,54.0
6111,58.0
6112,64.0
6113,66.0
6114,64.0
6115,60.0
6116,57.0
6117,53.0
6118,53.0
6119,50.0
6120,51.0
6121,47.0
6122,49.0
6123,49.0
6124,51.0
6125,52.0
6126,56.0
6127,57.0
6128,57.0
6129,57.0
6130,57.0
6131,54.0
6132,53.0
6133,53.0
6134,53.0
6135,56.0
6136,60.0
6137,63.0
6138,62.0
6139,59.0
6140,57.0
6141,51.0
6142,51.0
6143,49.0
6144,47.0
6145,47.0
6146,48.0
6147,51.0
6148,62.0
6149,70.0
6150,71.0
6151,70.0
6152,67.0
6153,67.0
6154,65.0
6155,63.0
6156,63.0
6157,62.0
6158,62.0
6159,64.0
6160,66.0
6161,69.0
6162,67.0
6163,61.0
6164,55.0
6165,49.0
6166,46.0
6167,44.0
6168,42.0
6169,41.0
6170,43.0
6171,48.0
6172,58.0
6173,64.0
6174,65.0
6175,61.0
6176,56.0
6177,55.0
6178,52.0
6179,51.0
6180,51.0
6181,53.0
6182,54.0
6183,58.0
6184,62.0
6185,66.0
6186,68.0
6187,61.0
6188,56.0
6189,52.0
6190,53.0
6191,51.0
6192,51.0
6193,50.0
6194,51.0
6195,53.0
6196,64.0
6197,73.0
6198,77.0
6199,76.0
6200,74.0
6201,71.0
6202,68.0
6203,65.0
6204,64.0
6205,64.0
6206,63.0
6207,64.0
6208,65.0
6209,67.0
6210,64.0
6211,56.0
6212,51.0
6213,46.0
6214,44.0
6215,42.0
6216,40.0
6217,40.0
6218,40.0
6219,46.0
6220,56.0
6221,64.0
6222,65.0
6223,62.0
6224,60.0
6225,59.0
6226,57.0
6227,57.0
6228,56.0
6229,57.0
6230,57.0
6231,59.0
6232,63.0
6233,66.0
6234,65.0
6235,60.0
6236,55.0
6237,51.0
6238,50.0
6239,49.0
6240,47.0
6241,46.0
6242,47.0
6243,52.0
6244,63.0
6245,74.0
6246,75.0
6247,73.0
6248,70.0
6249,69.0
6250,64.0
6251,63.0
6252,62.0
6253,63.0
6254,65.0
6255,70.0
6256,76.0
6257,78.0
6258,78.0
6259,70.0
6260,66.0
6261,60.0
6262,58.0
6263,55.0
6264,53.0
6265,52.0
6266,51.0
6267,52.0
6268,57.0
6269,60.0
6270,64.0
6271,65.0
6272,62.0
6273,60.0
6274,57.0
6275,56.0
6276,54.0
6277,56.0
6278,57.0
6279,60.0
6280,66.0
6281,69.0
6282,67.0
6283,63.0
6284,60.0
6285,57.0
6286,53.0
6287,51.0
6288,50.0
6289,49.0
6290,49.0
6291,49.0
6292,49.0
6293,50.0
6294,52.0
6295,54.0
6296,55.0
6297,56.0
6298,54.0
6299,50.0
6300,48.0
6301,47.0
6302,49.0
6303,53.0
6304,60.0
6305,65.0
6306,66.0
6307,63.0
6308,60.0
6309,55.0
6310,55.0
6311,53.0
6312,53.0
6313,52.0
6314,51.0
6315,54.0
6316,67.0
6317,76.0
6318,78.0
6319,76.0
6320,73.0
6321,74.0
6322,71.0
6323,69.0
6324,68.0
6325,69.0
6326,70.0
6327,73.0
6328,74.0
6329,78.0
6330,76.0
6331,70.0
6332,64.0
6333,58.0
6334,55.0
6335,53.0
6336,52.0
6337,49.0
6338,50.0
6339,53.0
6340,63.0
6341,70.0
6342,72.0
6343,70.0
6344,70.0
6345,70.0
6346,69.0
6347,68.0
6348,66.0
6349,66.0
6350,68.0
6351,70.0
6352,73.0
6353,76.0
6354,74.0
6355,68.0
6356,64.0
6357,58.0
6358,56.0
6359,56.0
6360,54.0
6361,53.0
6362,53.0
6363,56.0
6364,71.0
6365,78.0
6366,82.0
6367,81.0
6368,80.0
6369,78.0
6370,76.0
6371,74.0
6372,72.0
6373,72.0
6374,70.0
6375,73.0
6376,75.0
6377,79.0
6378,76.0
6379,68.0
6380,64.0
6381,57.0
6382,58.0
6383,56.0
6384,55.0
6385,54.0
6386,54.0
6387,56.0
6388,68.0
6389,73.0
6390,75.0
6391,72.0
6392,67.0
6393,63.0
6394,59.0
6395,59.0
6396,58.0
6397,58.0
6398,60.0
6399,66.0
6400,68.0
6401,73.0
6402,71.0
6403,65.0
6404,59.0
6405,54.0
6406,54.0
6407,54.0
6408,53.0
6409,53.0
6410,54.0
6411,56.0
6412,67.0
6413,74.0
6414,76.0
6415,74.0
6416,70.0
6417,66.0
6418,62.0
6419,61.0
6420,61.0
6421,62.0
6422,64.0
6423,71.0
6424,74.0
6425,77.0
6426,74.0
6427,69.0
6428,63.0
6429,58.0
6430,59.0
6431,57.0
6432,55.0
6433,54.0
6434,54.0
6435,54.0
6436,58.0
6437,62.0
6438,65.0
6439,66.0
6440,62.0
6441,59.0
6442,57.0
6443,55.0
6444,53.0
6445,54.0
6446,57.0
6447,62.0
6448,69.0
6449,72.0
6450,72.0
6451,65.0
6452,62.0
6453,58.0
6454,56.0
6455,53.0
6456,52.0
6457,52.0
6458,52.0
6459,53.0
6460,53.0
6461,54.0
6462,52.0
6463,50.0
6464,48.0
6465,49.0
6466,49.0
6467,46.0
6468,44.0
6469,45.0
6470,47.0
6471,54.0
6472,63.0
6473,68.0
6474,68.0
6475,64.0
6476,61.0
6477,58.0
6478,56.0
6479,52.0
6480,50.0
6481,51.0
6482,51.0
6483,58.0
6484,69.0
6485,76.0
6486,76.0
6487,72.0
6488,67.0
6489,62.0
6490,58.0
6491,56.0
6492,57.0
6493,57.0
6494,59.0
6495,68.0
6496,73.0
6497,77.0
6498,75.0
6499,70.0
6500,63.0
6501,57.0
6502,57.0
6503,55.0
6504,54.0
6505,53.0
6506,53.0
6507,56.0
6508,68.0
6509,76.0
6510,77.0
6511,70.0
6512,63.0
6513,58.0
6514,56.0
6515,55.0
6516,55.0
6517,56.0
6518,58.0
6519,66.0
6520,72.0
6521,76.0
6522,72.0
6523,64.0
6524,59.0
6525,54.0
6526,56.0
6527,55.0
6528,54.0
6529,54.0
6530,55.0
6531,57.0
6532,68.0
6533,77.0
6534,81.0
6535,71.0
6536,65.0
6537,61.0
6538,59.0
6539,58.0
6540,58.0
6541,60.0
6542,62.0
6543,69.0
6544,76.0
6545,82.0
6546,75.0
6547,70.0
6548,65.0
6549,59.0
6550,59.0
6551,58.0
6552,57.0
6553,56.0
6554,57.0
6555,59.0
6556,72.0
6557,83.0
6558,84.0
6559,73.0
6560,65.0
6561,60.0
6562,57.0
6563,57.0
6564,57.0
6565,58.0
6566,62.0
6567,71.0
6568,78.0
6569,85.0
6570,80.0
6571,72.0
6572,66.0
6573,60.0
6574,60.0
6575,59.0
6576,57.0
6577,57.0
6578,58.0
6579,60.0
6580,73.0
6581,86.0
6582,87.0
6583,76.0
6584,66.0
6585,61.0
6586,58.0
6587,57.0
6588,57.0
6589,57.0
6590,60.0
6591,70.0
6592,77.0
6593,83.0
6594,75.0
6595,69.0
6596,64.0
6597,57.0
6598,59.0
6599,57.0
6600,55.0
6601,55.0
6602,55.0
6603,56.0
6604,57.0
6605,61.0
6606,61.0
6607,57.0
6608,54.0
6609,51.0
6610,50.0
6611,49.0
6612,48.0
6613,50.0
6614,52.0
6615,60.0
6616,67.0
6617,72.0
6618,71.0
6619,65.0
6620,61.0
6621,57.0
6622,56.0
6623,53.0
6624,52.0
6625,52.0
6626,51.0
6627,52.0
6628,52.0
6629,54.0
6630,55.0
6631,55.0
6632,53.0
6633,53.0
6634,52.0
6635,49.0
6636,49.0
6637,49.0
6638,50.0
6639,56.0
6640,66.0
6641,71.0
6642,69.0
6643,64.0
6644,61.0
6645,57.0
6646,56.0
6647,54.0
6648,54.0
6649,53.0
6650,52.0
6651,56.0
6652,68.0
6653,78.0
6654,82.0
6655,77.0
6656,72.0
6657,69.0
6658,67.0
6659,66.0
6660,65.0
6661,65.0
6662,65.0
6663,68.0
6664,75.0
6665,80.0
6666,73.0
6667,66.0
6668,61.0
6669,56.0
6670,54.0
6671,53.0
6672,51.0
6673,51.0
6674,51.0
6675,53.0
6676,64.0
6677,74.0
6678,77.0
6679,75.0
6680,71.0
6681,70.0
6682,67.0
6683,65.0
6684,63.0
6685,63.0
6686,63.0
6687,66.0
6688,71.0
6689,76.0
6690,67.0
6691,61.0
6692,57.0
6693,53.0
6694,55.0
6695,54.0
6696,52.0
6697,51.0
6698,52.0
6699,54.0
6700,65.0
6701,75.0
6702,78.0
6703,78.0
6704,76.0
6705,76.0
6706,75.0
6707,74.0
6708,73.0
6709,73.0
6710,73.0
6711,74.0
6712,78.0
6713,81.0
6714,77.0
6715,70.0
6716,64.0
6717,59.0
6718,58.0
6719,58.0
6720,57.0
6721,56.0
6722,55.0
6723,59.0
6724,72.0
6725,84.0
6726,89.0
6727,86.0
6728,86.0
6729,85.0
6730,82.0
6731,79.0
6732,78.0
6733,78.0
6734,77.0
6735,79.0
6736,84.0
6737,91.0
6738,83.0
6739,74.0
6740,68.0
6741,61.0
6742,62.0
6743,60.0
6744,59.0
6745,58.0
6746,59.0
6747,62.0
6748,75.0
6749,85.0
6750,89.0
6751,88.0
6752,86.0
6753,83.0
6754,79.0
6755,76.0
6756,74.0
6757,73.0
6758,73.0
6759,76.0
6760,79.0
6761,88.0
6762,77.0
6763,69.0
6764,65.0
6765,60.0
6766,61.0
6767,60.0
6768,59.0
6769,58.0
6770,57.0
6771,59.0
6772,61.0
6773,66.0
6774,69.0
6775,70.0
6776,66.0
6777,63.0
6778,62.0
6779,59.0
6780,58.0
6781,57.0
6782,58.0
6783,63.0
6784,69.0
6785,72.0
6786,66.0
6787,60.0
6788,58.0
6789,53.0
6790,51.0
6791,48.0
6792,48.0
6793,48.0
6794,48.0
6795,47.0
6796,48.0
6797,50.0
6798,49.0
6799,50.0
6800,49.0
6801,49.0
6802,47.0
6803,47.0
6804,47.0
6805,47.0
6806,48.0
6807,53.0
6808,59.0
6809,64.0
6810,64.0
6811,61.0
6812,59.0
6813,55.0
6814,53.0
6815,52.0
6816,52.0
6817,51.0
6818,51.0
6819,56.0
6820,70.0
6821,79.0
6822,81.0
6823,77.0
6824,71.0
6825,66.0
6826,63.0
6827,61.0
6828,61.0
6829,63.0
6830,66.0
6831,73.0
6832,81.0
6833,87.0
6834,77.0
6835,70.0
6836,66.0
6837,61.0
6838,58.0
6839,56.0
6840,56.0
6841,55.0
6842,55.0
6843,58.0
6844,71.0
6845,80.0
6846,82.0
6847,78.0
6848,74.0
6849,71.0
6850,69.0
6851,68.0
6852,68.0
6853,69.0
6854,70.0
6855,75.0
6856,79.0
6857,90.0
6858,80.0
6859,70.0
6860,64.0
6861,60.0
6862,60.0
6863,58.0
6864,57.0
6865,56.0
6866,56.0
6867,61.0
6868,73.0
6869,83.0
6870,89.0
6871,88.0
6872,86.0
6873,82.0
6874,79.0
6875,79.0
6876,77.0
6877,75.0
6878,74.0
6879,77.0
6880,84.0
6881,90.0
6882,77.0
6883,68.0
6884,64.0
6885,59.0
6886,59.0
6887,56.0
6888,55.0
6889,54.0
6890,54.0
6891,58.0
6892,67.0
6893,79.0
6894,86.0
6895,86.0
6896,86.0
6897,86.0
6898,82.0
6899,79.0
6900,75.0
6901,74.0
6902,72.0
6903,73.0
6904,77.0
6905,83.0
6906,72.0
6907,64.0
6908,61.0
6909,57.0
6910,60.0
6911,58.0
6912,57.0
6913,58.0
6914,58.0
6915,61.0
6916,73.0
6917,86.0
6918,93.0
6919,94.0
6920,93.0
6921,93.0
6922,88.0
6923,85.0
6924,81.0
6925,78.0
6926,78.0
6927,80.0
6928,86.0
6929,93.0
6930,79.0
6931,71.0
6932,68.0
6933,63.0
6934,63.0
6935,61.0
6936,59.0
6937,60.0
6938,60.0
6939,60.0
6940,63.0
6941,67.0
6942,72.0
6943,74.0
6944,73.0
6945,72.0
6946,68.0
6947,65.0
6948,64.0
6949,64.0
6950,66.0
6951,71.0
6952,77.0
6953,79.0
6954,73.0
6955,67.0
6956,65.0
6957,60.0
6958,59.0
6959,57.0
6960,55.0
6961,54.0
6962,54.0
6963,55.0
6964,55.0
6965,56.0
6966,59.0
6967,62.0
6968,63.0
6969,63.0
6970,61.0
6971,58.0
6972,58.0
6973,57.0
6974,57.0
6975,62.0
6976,71.0
6977,74.0
6978,71.0
6979,66.0
6980,64.0
6981,59.0
6982,58.0
6983,56.0
6984,55.0
6985,54.0
6986,54.0
6987,59.0
6988,73.0
6989,87.0
6990,89.0
6991,90.0
6992,88.0
6993,85.0
6994,80.0
6995,79.0
6996,76.0
6997,76.0
6998,76.0
6999,80.0
7000,88.0
7001,91.0
7002,81.0
7003,72.0
7004,68.0
7005,62.0
7006,65.0
7007,61.0
7008,60.0
7009,59.0
7010,60.0
7011,64.0
7012,76.0
7013,88.0
7014,91.0
7015,93.0
7016,89.0
7017,88.0
7018,85.0
7019,84.0
7020,83.0
7021,80.0
7022,80.0
7023,81.0
7024,86.0
7025,91.0
7026,81.0
7027,72.0
7028,67.0
7029,62.0
7030,59.0
7031,58.0
7032,57.0
7033,56.0
7034,57.0
7035,60.0
7036,69.0
7037,83.0
7038,90.0
7039,89.0
7040,84.0
7041,81.0
7042,76.0
7043,73.0
7044,72.0
7045,72.0
7046,71.0
7047,76.0
7048,81.0
7049,84.0
7050,70.0
7051,63.0
7052,61.0
7053,57.0
7054,55.0
7055,54.0
7056,53.0
7057,52.0
7058,53.0
7059,55.0
7060,60.0
7061,71.0
7062,76.0
7063,75.0
7064,74.0
7065,72.0
7066,69.0
7067,68.0
7068,67.0
7069,65.0
7070,64.0
7071,67.0
7072,68.0
7073,70.0
7074,63.0
7075,57.0
7076,55.0
7077,51.0
7078,53.0
7079,52.0
7080,51.0
7081,50.0
7082,52.0
7083,55.0
7084,63.0
7085,72.0
7086,74.0
7087,73.0
7088,70.0
7089,67.0
7090,64.0
7091,62.0
7092,61.0
7093,63.0
7094,68.0
7095,77.0
7096,83.0
7097,83.0
7098,74.0
7099,69.0
7100,67.0
7101,62.0
7102,59.0
7103,57.0
7104,56.0
7105,56.0
7106,56.0
7107,57.0
7108,58.0
7109,63.0
7110,67.0
7111,67.0
7112,64.0
7113,62.0
7114,58.0
7115,56.0
7116,56.0
7117,57.0
7118,60.0
7119,65.0
7120,72.0
7121,74.0
7122,66.0
7123,62.0
7124,59.0
7125,54.0
7126,51.0
7127,49.0
7128,48.0
7129,48.0
7130,47.0
7131,48.0
7132,47.0
7133,48.0
7134,49.0
7135,50.0
7136,52.0
7137,53.0
7138,53.0
7139,52.0
7140,51.0
7141,52.0
7142,53.0
7143,57.0
7144,64.0
7145,70.0
7146,69.0
7147,64.0
7148,60.0
7149,59.0
7150,55.0
7151,54.0
7152,53.0
7153,53.0
7154,53.0
7155,54.0
7156,57.0
7157,67.0
7158,79.0
7159,77.0
7160,74.0
7161,71.0
7162,68.0
7163,66.0
7164,66.0
7165,69.0
7166,71.0
7167,75.0
7168,76.0
7169,79.0
7170,82.0
7171,72.0
7172,63.0
7173,59.0
7174,57.0
7175,56.0
7176,55.0
7177,54.0
7178,53.0
7179,55.0
7180,58.0
7181,67.0
7182,77.0
7183,76.0
7184,74.0
7185,72.0
7186,69.0
7187,65.0
7188,65.0
7189,66.0
7190,71.0
7191,73.0
7192,78.0
7193,80.0
7194,75.0
7195,68.0
7196,62.0
7197,59.0
7198,56.0
7199,57.0
7200,57.0
7201,56.0
7202,56.0
7203,56.0
7204,59.0
7205,65.0
7206,73.0
7207,75.0
7208,74.0
7209,72.0
7210,72.0
7211,67.0
7212,69.0
7213,71.0
7214,75.0
7215,77.0
7216,81.0
7217,83.0
7218,80.0
7219,76.0
7220,71.0
7221,67.0
7222,63.0
7223,62.0
7224,60.0
7225,59.0
7226,59.0
7227,60.0
7228,63.0
7229,73.0
7230,85.0
7231,85.0
7232,82.0
7233,80.0
7234,79.0
7235,77.0
7236,76.0
7237,77.0
7238,83.0
7239,87.0
7240,94.0
7241,99.0
7242,92.0
7243,82.0
7244,75.0
7245,70.0
7246,65.0
7247,64.0
7248,62.0
7249,61.0
7250,61.0
7251,62.0
7252,63.0
7253,72.0
7254,81.0
7255,85.0
7256,83.0
7257,81.0
7258,80.0
7259,77.0
7260,75.0
7261,76.0
7262,78.0
7263,78.0
7264,84.0
7265,88.0
7266,79.0
7267,71.0
7268,66.0
7269,63.0
7270,61.0
7271,58.0
7272,57.0
7273,56.0
7274,56.0
7275,54.0
7276,54.0
7277,56.0
7278,59.0
7279,62.0
7280,62.0
7281,60.0
7282,58.0
7283,56.0
7284,56.0
7285,57.0
7286,59.0
7287,62.0
7288,68.0
7289,72.0
7290,70.0
7291,63.0
7292,58.0
7293,57.0
7294,54.0
7295,55.0
7296,54.0
7297,53.0
7298,53.0
7299,53.0
7300,53.0
7301,53.0
7302,55.0
7303,55.0
7304,55.0
7305,56.0
7306,55.0
7307,54.0
7308,52.0
7309,52.0
7310,55.0
7311,60.0
7312,68.0
7313,75.0
7314,75.0
7315,70.0
7316,67.0
7317,65.0
7318,60.0
7319,59.0
7320,57.0
7321,57.0
7322,57.0
7323,58.0
7324,63.0
7325,72.0
7326,83.0
7327,80.0
7328,77.0
7329,71.0
7330,68.0
7331,67.0
7332,68.0
7333,72.0
7334,77.0
7335,82.0
7336,89.0
7337,94.0
7338,87.0
7339,79.0
7340,74.0
7341,69.0
7342,65.0
7343,61.0
7344,59.0
7345,58.0
7346,57.0
7347,59.0
7348,61.0
7349,70.0
7350,80.0
7351,80.0
7352,76.0
7353,72.0
7354,69.0
7355,67.0
7356,68.0
7357,70.0
7358,76.0
7359,81.0
7360,89.0
7361,94.0
7362,88.0
7363,76.0
7364,69.0
7365,66.0
7366,62.0
7367,61.0
7368,59.0
7369,57.0
7370,56.0
7371,57.0
7372,59.0
7373,68.0
7374,76.0
7375,75.0
7376,73.0
7377,70.0
7378,69.0
7379,67.0
7380,67.0
7381,69.0
7382,75.0
7383,78.0
7384,84.0
7385,87.0
7386,79.0
7387,70.0
7388,65.0
7389,62.0
7390,59.0
7391,60.0
7392,58.0
7393,58.0
7394,57.0
7395,59.0
7396,61.0
7397,72.0
7398,78.0
7399,79.0
7400,74.0
7401,70.0
7402,69.0
7403,66.0
7404,66.0
7405,72.0
7406,77.0
7407,83.0
7408,88.0
7409,91.0
7410,83.0
7411,72.0
7412,66.0
7413,64.0
7414,60.0
7415,59.0
7416,57.0
7417,56.0
7418,55.0
7419,56.0
7420,58.0
7421,65.0
7422,73.0
7423,74.0
7424,72.0
7425,70.0
7426,68.0
7427,66.0
7428,66.0
7429,67.0
7430,71.0
7431,73.0
7432,79.0
7433,80.0
7434,72.0
7435,64.0
7436,59.0
7437,59.0
7438,54.0
7439,52.0
7440,50.0
7441,49.0
7442,50.0
7443,49.0
7444,51.0
7445,55.0
7446,60.0
7447,67.0
7448,70.0
7449,70.0
7450,69.0
7451,67.0
7452,66.0
7453,64.0
7454,63.0
7455,64.0
7456,67.0
7457,68.0
7458,64.0
7459,50.0
7460,46.0
7461,41.0
7462,35.0
7463,23.0
7464,22.0
7465,22.0
7466,25.0
7467,27.0
7468,30.0
7469,39.0
7470,44.0
7471,51.0
7472,54.0
7473,55.0
7474,58.0
7475,58.0
7476,57.0
7477,57.0
7478,58.0
7479,64.0
7480,71.0
7481,75.0
7482,74.0
7483,65.0
7484,60.0
7485,55.0
7486,49.0
7487,44.0
7488,41.0
7489,38.0
7490,37.0
7491,40.0
7492,45.0
7493,57.0
7494,66.0
7495,66.0
7496,62.0
7497,59.0
7498,59.0
7499,58.0
7500,58.0
7501,57.0
7502,58.0
7503,61.0
7504,64.0
7505,64.0
7506,63.0
7507,55.0
7508,49.0
7509,47.0
7510,41.0
7511,29.0
7512,30.0
7513,25.0
7514,24.0
7515,26.0
7516,32.0
7517,51.0
7518,59.0
7519,61.0
7520,58.0
7521,58.0
7522,59.0
7523,58.0
7524,59.0
7525,60.0
7526,62.0
7527,64.0
7528,74.0
7529,75.0
7530,69.0
7531,68.0
7532,64.0
7533,60.0
7534,54.0
7535,50.0
7536,49.0
7537,48.0
7538,48.0
7539,49.0
7540,53.0
7541,62.0
7542,72.0
7543,70.0
7544,66.0
7545,65.0
7546,65.0
7547,63.0
7548,63.0
7549,64.0
7550,66.0
7551,72.0
7552,80.0
7553,82.0
7554,75.0
7555,70.0
7556,65.0
7557,64.0
7558,57.0
7559,57.0
7560,54.0
7561,52.0
7562,51.0
7563,51.0
7564,55.0
7565,63.0
7566,69.0
7567,69.0
7568,67.0
7569,66.0
7570,66.0
7571,64.0
7572,65.0
7573,69.0
7574,74.0
7575,79.0
7576,89.0
7577,94.0
7578,85.0
7579,76.0
7580,68.0
7581,66.0
7582,61.0
7583,60.0
7584,59.0
7585,57.0
7586,56.0
7587,56.0
7588,58.0
7589,67.0
7590,75.0
7591,73.0
7592,70.0
7593,66.0
7594,64.0
7595,64.0
7596,62.0
7597,61.0
7598,63.0
7599,62.0
7600,66.0
7601,65.0
7602,59.0
7603,55.0
7604,52.0
7605,47.0
7606,38.0
7607,34.0
7608,30.0
7609,27.0
7610,25.0
7611,27.0
7612,31.0
7613,36.0
7614,41.0
7615,46.0
7616,47.0
7617,47.0
7618,46.0
7619,45.0
7620,43.0
7621,45.0
7622,49.0
7623,55.0
7624,66.0
7625,67.0
7626,62.0
7627,56.0
7628,52.0
7629,53.0
7630,45.0
7631,30.0
7632,29.0
7633,26.0
7634,24.0
7635,23.0
7636,24.0
7637,27.0
7638,29.0
7639,39.0
7640,40.0
7641,45.0
7642,49.0
7643,48.0
7644,44.0
7645,44.0
7646,45.0
7647,47.0
7648,57.0
7649,62.0
7650,60.0
7651,54.0
7652,52.0
7653,53.0
7654,45.0
7655,43.0
7656,41.0
7657,40.0
7658,40.0
7659,43.0
7660,49.0
7661,63.0
7662,71.0
7663,70.0
7664,64.0
7665,62.0
7666,61.0
7667,61.0
7668,60.0
7669,62.0
7670,65.0
7671,67.0
7672,76.0
7673,77.0
7674,72.0
7675,67.0
7676,64.0
7677,63.0
7678,56.0
7679,57.0
7680,55.0
7681,54.0
7682,53.0
7683,52.0
7684,56.0
7685,63.0
7686,68.0
7687,72.0
7688,68.0
7689,67.0
7690,67.0
7691,64.0
7692,64.0
7693,66.0
7694,67.0
7695,68.0
7696,74.0
7697,73.0
7698,66.0
7699,61.0
7700,56.0
7701,53.0
7702,45.0
7703,36.0
7704,32.0
7705,24.0
7706,25.0
7707,26.0
7708,38.0
7709,51.0
7710,57.0
7711,56.0
7712,54.0
7713,54.0
7714,55.0
7715,54.0
7716,54.0
7717,56.0
7718,59.0
7719,66.0
7720,73.0
7721,71.0
7722,66.0
7723,59.0
7724,56.0
7725,53.0
7726,44.0
7727,33.0
7728,33.0
7729,31.0
7730,31.0
7731,34.0
7732,42.0
7733,52.0
7734,58.0
7735,57.0
7736,54.0
7737,54.0
7738,55.0
7739,54.0
7740,54.0
7741,55.0
7742,60.0
7743,60.0
7744,70.0
7745,68.0
7746,62.0
7747,65.0
7748,61.0
7749,58.0
7750,53.0
7751,53.0
7752,51.0
7753,49.0
7754,50.0
7755,51.0
7756,54.0
7757,61.0
7758,67.0
7759,71.0
7760,70.0
7761,71.0
7762,70.0
7763,71.0
7764,69.0
7765,69.0
7766,71.0
7767,75.0
7768,81.0
7769,81.0
7770,76.0
7771,69.0
7772,65.0
7773,63.0
7774,60.0
7775,58.0
7776,58.0
7777,54.0
7778,53.0
7779,54.0
7780,54.0
7781,56.0
7782,60.0
7783,62.0
7784,64.0
7785,65.0
7786,66.0
7787,65.0
7788,64.0
7789,64.0
7790,65.0
7791,67.0
7792,75.0
7793,75.0
7794,70.0
7795,65.0
7796,62.0
7797,60.0
7798,56.0
7799,57.0
7800,54.0
7801,52.0
7802,50.0
7803,50.0
7804,50.0
7805,51.0
7806,52.0
7807,55.0
7808,57.0
7809,59.0
7810,57.0
7811,57.0
7812,54.0
7813,55.0
7814,57.0
7815,59.0
7816,67.0
7817,71.0
7818,70.0
7819,64.0
7820,62.0
7821,60.0
7822,58.0
7823,58.0
7824,56.0
7825,55.0
7826,55.0
7827,57.0
7828,62.0
7829,71.0
7830,83.0
7831,86.0
7832,84.0
7833,81.0
7834,81.0
7835,79.0
7836,78.0
7837,80.0
7838,83.0
7839,86.0
7840,99.0
7841,101.0
7842,89.0
7843,77.0
7844,70.0
7845,67.0
7846,63.0
7847,59.0
7848,57.0
7849,54.0
7850,53.0
7851,52.0
7852,56.0
7853,62.0
7854,73.0
7855,71.0
7856,67.0
7857,65.0
7858,64.0
7859,62.0
7860,62.0
7861,64.0
7862,65.0
7863,68.0
7864,74.0
7865,73.0
7866,67.0
7867,64.0
7868,61.0
7869,58.0
7870,55.0
7871,57.0
7872,55.0
7873,55.0
7874,54.0
7875,55.0
7876,58.0
7877,66.0
7878,78.0
7879,81.0
7880,82.0
7881,82.0
7882,81.0
7883,81.0
7884,81.0
7885,81.0
7886,84.0
7887,88.0
7888,94.0
7889,91.0
7890,78.0
7891,71.0
7892,67.0
7893,65.0
7894,60.0
7895,61.0
7896,60.0
7897,58.0
7898,58.0
7899,58.0
7900,59.0
7901,67.0
7902,84.0
7903,87.0
7904,87.0
7905,84.0
7906,84.0
7907,83.0
7908,83.0
7909,84.0
7910,87.0
7911,91.0
7912,100.0
7913,91.0
7914,84.0
7915,77.0
7916,68.0
7917,67.0
7918,62.0
7919,63.0
7920,61.0
7921,60.0
7922,58.0
7923,59.0
7924,61.0
7925,66.0
7926,81.0
7927,81.0
7928,78.0
7929,75.0
7930,74.0
7931,69.0
7932,68.0
7933,68.0
7934,71.0
7935,73.0
7936,77.0
7937,73.0
7938,65.0
7939,62.0
7940,58.0
7941,57.0
7942,54.0
7943,57.0
7944,55.0
7945,51.0
7946,50.0
7947,50.0
7948,52.0
7949,50.0
7950,55.0
7951,59.0
7952,61.0
7953,60.0
7954,61.0
7955,61.0
7956,61.0
7957,59.0
7958,59.0
7959,62.0
7960,68.0
7961,66.0
7962,60.0
7963,55.0
7964,49.0
7965,49.0
7966,44.0
7967,38.0
7968,34.0
7969,31.0
7970,28.0
7971,27.0
7972,29.0
7973,28.0
7974,34.0
7975,40.0
7976,43.0
7977,45.0
7978,48.0
7979,47.0
7980,46.0
7981,45.0
7982,46.0
7983,48.0
7984,56.0
7985,57.0
7986,50.0
7987,47.0
7988,45.0
7989,41.0
7990,36.0
7991,29.0
7992,28.0
7993,24.0
7994,23.0
7995,28.0
7996,36.0
7997,52.0
7998,59.0
7999,60.0
8000,60.0
8001,61.0
8002,61.0
8003,60.0
8004,61.0
8005,62.0
8006,64.0
8007,65.0
8008,70.0
8009,69.0
8010,63.0
8011,59.0
8012,56.0
8013,54.0
8014,47.0
8015,50.0
8016,47.0
8017,47.0
8018,46.0
8019,47.0
8020,51.0
8021,60.0
8022,69.0
8023,70.0
8024,73.0
8025,75.0
8026,76.0
8027,73.0
8028,73.0
8029,74.0
8030,76.0
8031,77.0
8032,84.0
8033,79.0
8034,73.0
8035,67.0
8036,63.0
8037,59.0
8038,54.0
8039,53.0
8040,50.0
8041,48.0
8042,48.0
8043,49.0
8044,52.0
8045,58.0
8046,68.0
8047,72.0
8048,71.0
8049,69.0
8050,70.0
8051,68.0
8052,70.0
8053,69.0
8054,70.0
8055,72.0
8056,80.0
8057,73.0
8058,67.0
8059,65.0
8060,61.0
8061,60.0
8062,57.0
8063,57.0
8064,57.0
8065,56.0
8066,56.0
8067,56.0
8068,59.0
8069,66.0
8070,78.0
8071,81.0
8072,79.0
8073,76.0
8074,76.0
8075,74.0
8076,76.0
8077,76.0
8078,79.0
8079,81.0
8080,91.0
8081,85.0
8082,78.0
8083,69.0
8084,64.0
8085,61.0
8086,57.0
8087,54.0
8088,52.0
8089,50.0
8090,48.0
8091,48.0
8092,50.0
8093,54.0
8094,61.0
8095,62.0
8096,60.0
8097,60.0
8098,61.0
8099,60.0
8100,62.0
8101,62.0
8102,64.0
8103,69.0
8104,76.0
8105,74.0
8106,68.0
8107,64.0
8108,60.0
8109,58.0
8110,53.0
8111,48.0
8112,47.0
8113,45.0
8114,44.0
8115,44.0
8116,45.0
8117,44.0
8118,47.0
8119,51.0
8120,52.0
8121,51.0
8122,52.0
8123,49.0
8124,47.0
8125,46.0
8126,49.0
8127,54.0
8128,57.0
8129,57.0
8130,54.0
8131,50.0
8132,45.0
8133,45.0
8134,39.0
8135,30.0
8136,28.0
8137,25.0
8138,25.0
8139,26.0
8140,28.0
8141,29.0
8142,35.0
8143,38.0
8144,41.0
8145,41.0
8146,42.0
8147,42.0
8148,40.0
8149,40.0
8150,43.0
8151,47.0
8152,52.0
8153,56.0
8154,55.0
8155,55.0
8156,55.0
8157,55.0
8158,51.0
8159,47.0
8160,47.0
8161,48.0
8162,50.0
8163,52.0
8164,55.0
8165,66.0
8166,78.0
8167,80.0
8168,78.0
8169,75.0
8170,75.0
8171,74.0
8172,73.0
8173,72.0
8174,72.0
8175,76.0
8176,82.0
8177,75.0
8178,71.0
8179,64.0
8180,61.0
8181,58.0
8182,54.0
8183,60.0
8184,58.0
8185,56.0
8186,54.0
8187,54.0
8188,55.0
8189,65.0
8190,72.0
8191,74.0
8192,71.0
8193,67.0
8194,66.0
8195,65.0
8196,65.0
8197,65.0
8198,69.0
8199,73.0
8200,76.0
8201,73.0
8202,68.0
8203,62.0
8204,59.0
8205,58.0
8206,55.0
8207,53.0
8208,52.0
8209,52.0
8210,50.0
8211,52.0
8212,52.0
8213,58.0
8214,68.0
8215,69.0
8216,68.0
8217,67.0
8218,65.0
8219,63.0
8220,64.0
8221,68.0
8222,72.0
8223,74.0
8224,78.0
8225,71.0
8226,67.0
8227,62.0
8228,57.0
8229,56.0
8230,52.0
8231,52.0
8232,53.0
8233,51.0
8234,50.0
8235,51.0
8236,52.0
8237,57.0
8238,66.0
8239,66.0
8240,63.0
8241,62.0
8242,62.0
8243,60.0
8244,60.0
8245,62.0
8246,66.0
8247,69.0
8248,71.0
8249,66.0
8250,64.0
8251,59.0
8252,56.0
8253,55.0
8254,52.0
8255,50.0
8256,49.0
8257,47.0
8258,46.0
8259,46.0
8260,49.0
8261,56.0
8262,63.0
8263,68.0
8264,62.0
8265,60.0
8266,57.0
8267,56.0
8268,57.0
8269,58.0
8270,61.0
8271,65.0
8272,70.0
8273,66.0
8274,58.0
8275,55.0
8276,52.0
8277,51.0
8278,46.0
8279,45.0
8280,43.0
8281,42.0
8282,42.0
8283,41.0
8284,42.0
8285,46.0
8286,49.0
8287,53.0
8288,56.0
8289,55.0
8290,58.0
8291,58.0
8292,58.0
8293,60.0
8294,62.0
8295,67.0
8296,71.0
8297,69.0
8298,67.0
8299,63.0
8300,59.0
8301,60.0
8302,55.0
8303,52.0
8304,48.0
8305,47.0
8306,47.0
8307,46.0
8308,46.0
8309,44.0
8310,47.0
8311,49.0
8312,54.0
8313,56.0
8314,59.0
8315,58.0
8316,57.0
8317,57.0
8318,59.0
8319,63.0
8320,70.0
8321,72.0
8322,71.0
8323,67.0
8324,64.0
8325,64.0
8326,60.0
8327,56.0
8328,55.0
8329,55.0
8330,55.0
8331,54.0
8332,57.0
8333,69.0
8334,81.0
8335,85.0
8336,82.0
8337,79.0
8338,80.0
8339,75.0
8340,76.0
8341,76.0
8342,77.0
8343,80.0
8344,88.0
8345,84.0
8346,78.0
8347,72.0
8348,68.0
8349,66.0
8350,59.0
8351,57.0
8352,56.0
8353,55.0
8354,55.0
8355,56.0
8356,58.0
8357,66.0
8358,79.0
8359,83.0
8360,83.0
8361,81.0
8362,81.0
8363,78.0
8364,79.0
8365,77.0
8366,79.0
8367,80.0
8368,87.0
8369,82.0
8370,78.0
8371,69.0
8372,62.0
8373,60.0
8374,56.0
8375,57.0
8376,56.0
8377,54.0
8378,54.0
8379,54.0
8380,56.0
8381,62.0
8382,69.0
8383,75.0
8384,74.0
8385,72.0
8386,72.0
8387,70.0
8388,70.0
8389,69.0
8390,69.0
8391,70.0
8392,75.0
8393,70.0
8394,65.0
8395,61.0
8396,57.0
8397,57.0
8398,54.0
8399,54.0
8400,53.0
8401,52.0
8402,51.0
8403,52.0
8404,53.0
8405,59.0
8406,71.0
8407,70.0
8408,69.0
8409,67.0
8410,66.0
8411,65.0
8412,64.0
8413,64.0
8414,65.0
8415,67.0
8416,71.0
8417,68.0
8418,64.0
8419,61.0
8420,56.0
8421,56.0
8422,52.0
8423,51.0
8424,50.0
8425,49.0
8426,47.0
8427,48.0
8428,51.0
8429,57.0
8430,65.0
8431,67.0
8432,68.0
8433,66.0
8434,66.0
8435,64.0
8436,63.0
8437,63.0
8438,63.0
8439,66.0
8440,70.0
8441,68.0
8442,65.0
8443,59.0
8444,56.0
8445,56.0
8446,52.0
8447,54.0
8448,53.0
8449,51.0
8450,49.0
8451,49.0
8452,50.0
8453,51.0
8454,54.0
8455,57.0
8456,60.0
8457,58.0
8458,59.0
8459,58.0
8460,56.0
8461,56.0
8462,56.0
8463,60.0
8464,65.0
8465,64.0
8466,61.0
8467,56.0
8468,53.0
8469,52.0
8470,49.0
8471,48.0
8472,46.0
8473,46.0
8474,44.0
8475,44.0
8476,44.0
8477,42.0
8478,45.0
8479,46.0
8480,47.0
8481,48.0
8482,50.0
8483,49.0
8484,49.0
8485,49.0
8486,50.0
8487,53.0
8488,58.0
8489,60.0
8490,57.0
8491,56.0
8492,52.0
8493,53.0
8494,49.0
8495,41.0
8496,41.0
8497,41.0
8498,40.0
8499,41.0
8500,44.0
8501,52.0
8502,58.0
8503,58.0
8504,58.0
8505,56.0
8506,55.0
8507,55.0
8508,54.0
8509,53.0
8510,56.0
8511,57.0
8512,59.0
8513,56.0
8514,56.0
8515,53.0
8516,49.0
8517,46.0
8518,41.0
8519,31.0
8520,30.0
8521,29.0
8522,31.0
8523,36.0
8524,41.0
8525,50.0
8526,56.0
8527,62.0
8528,62.0
8529,59.0
8530,55.0
8531,52.0
8532,51.0
8533,51.0
8534,52.0
8535,54.0
8536,57.0
8537,57.0
8538,55.0
8539,52.0
8540,46.0
8541,45.0
8542,38.0
8543,35.0
8544,32.0
8545,32.0
8546,30.0
8547,29.0
8548,35.0
8549,36.0
8550,45.0
8551,47.0
8552,46.0
8553,46.0
8554,46.0
8555,47.0
8556,47.0
8557,52.0
8558,55.0
8559,66.0
8560,71.0
8561,71.0
8562,68.0
8563,65.0
8564,62.0
8565,60.0
8566,56.0
8567,50.0
8568,47.0
8569,46.0
8570,43.0
8571,43.0
8572,45.0
8573,47.0
8574,50.0
8575,52.0
8576,52.0
8577,50.0
8578,51.0
8579,48.0
8580,46.0
8581,44.0
8582,44.0
8583,46.0
8584,49.0
8585,47.0
8586,44.0
8587,38.0
8588,34.0
8589,35.0
8590,28.0
8591,32.0
8592,29.0
8593,29.0
8594,30.0
8595,31.0
8596,32.0
8597,36.0
8598,39.0
8599,41.0
8600,43.0
8601,46.0
8602,47.0
8603,43.0
8604,41.0
8605,41.0
8606,42.0
8607,47.0
8608,52.0
8609,55.0
8610,54.0
8611,56.0
8612,52.0
8613,51.0
8614,45.0
8615,44.0
8616,43.0
8617,42.0
8618,40.0
8619,38.0
8620,38.0
8621,39.0
8622,41.0
8623,46.0
8624,46.0
8625,45.0
8626,43.0
8627,43.0
8628,41.0
8629,42.0
8630,43.0
8631,46.0
8632,51.0
8633,51.0
8634,51.0
8635,50.0
8636,47.0
8637,44.0
8638,41.0
8639,44.0
8640,42.0
8641,40.0
8642,38.0
8643,36.0
8644,37.0
8645,40.0
8646,42.0
8647,45.0
8648,44.0
8649,46.0
8650,49.0
8651,48.0
8652,46.0
8653,46.0
8654,47.0
8655,51.0
8656,55.0
8657,62.0
8658,61.0
8659,59.0
8660,55.0
8661,52.0
8662,48.0
8663,50.0
8664,48.0
8665,48.0
8666,46.0
8667,45.0
8668,48.0
8669,53.0
8670,61.0
8671,62.0
8672,61.0
8673,60.0
8674,59.0
8675,60.0
8676,59.0
8677,58.0
8678,60.0
8679,63.0
8680,70.0
8681,70.0
8682,67.0
8683,65.0
8684,61.0
8685,60.0
8686,55.0
8687,48.0
8688,46.0
8689,44.0
8690,42.0
8691,43.0
8692,47.0
8693,52.0
8694,58.0
8695,61.0
8696,62.0
8697,61.0
8698,61.0
8699,62.0
8700,61.0
8701,62.0
8702,65.0
8703,69.0
8704,75.0
8705,75.0
8706,71.0
8707,66.0
8708,62.0
8709,61.0
8710,56.0
8711,57.0
8712,55.0
8713,54.0
8714,49.0
8715,49.0
8716,52.0
8717,56.0
8718,63.0
8719,64.0
8720,64.0
8721,63.0
8722,62.0
8723,60.0
8724,59.0
8725,58.0
8726,58.0
8727,60.0
8728,64.0
8729,64.0
8730,59.0
8731,56.0
8732,53.0
8733,51.0
8734,47.0
8735,40.0
8736,38.0
8737,36.0
8738,34.0
8739,35.0
8740,38.0
8741,37.0
8742,43.0
8743,49.0
8744,50.0
8745,52.0
8746,53.0
8747,55.0
8748,55.0
8749,55.0
8750,56.0
8751,60.0
8752,66.0
8753,67.0
8754,65.0
8755,60.0
8756,57.0
8757,57.0
8758,54.0
8759,48.0
